Time (Hours),Flow(GPM),Velocity(fps),Headloss(ft/Kft),Friction factor,Reaction f,Quality,Status,Noisy_Velocity
0:00,-891.86,2.53,3.33,0.034,0.0,0.0,Open,3.3364539472154737
0:01,-888.93,2.52,3.31,0.034,0.0,0.0,Open,2.6149637623027067
0:02,-886.01,2.51,3.29,0.034,0.0,0.0,Open,2.8298320982811362
0:03,-883.08,2.51,3.27,0.034,0.0,0.0,Open,2.6444072700790926
0:04,-880.16,2.5,3.25,0.034,0.0,0.0,Open,2.7802305505625524
0:05,-877.24,2.49,3.23,0.034,0.0,0.0,Open,2.8023694660500693
0:06,-874.32,2.48,3.21,0.034,0.0,0.0,Open,1.8552148964550736
0:07,-871.4,2.47,3.19,0.034,0.0,0.0,Open,2.5614310167587853
0:08,-868.48,2.46,3.17,0.034,0.0,0.0,Open,2.733785288032918
0:09,-865.56,2.46,3.15,0.034,0.0,0.0,Open,2.79530010850203
0:10,-862.65,2.45,3.13,0.034,0.0,0.0,Open,2.4337246358769313
0:11,-859.73,2.44,3.11,0.034,0.0,0.0,Open,2.3670997200092665
0:12,-856.82,2.43,3.09,0.034,0.0,0.0,Open,2.4252341782453395
0:13,-853.91,2.42,3.08,0.034,0.0,0.0,Open,2.531022141426878
0:14,-851.0,2.41,3.06,0.034,0.0,0.0,Open,2.2967838699086585
0:15,-848.09,2.41,3.04,0.034,0.0,0.0,Open,2.2642578421351636
0:16,-845.18,2.4,3.02,0.034,0.0,0.0,Open,2.6374159106662947
0:17,-842.28,2.39,3.0,0.034,0.0,0.0,Open,2.2444550845129063
0:18,-839.38,2.38,2.98,0.034,0.0,0.0,Open,2.0618537016370118
0:19,-836.47,2.37,2.96,0.034,0.0,0.0,Open,2.678821301537807
0:20,-833.57,2.36,2.94,0.034,0.0,0.0,Open,2.686402233540162
0:21,-830.67,2.36,2.92,0.034,0.0,0.0,Open,2.683970654176034
0:22,-827.77,2.35,2.9,0.034,0.0,0.0,Open,2.820919054316117
0:23,-824.88,2.34,2.88,0.034,0.0,0.0,Open,2.3340843088044743
0:24,-821.98,2.33,2.87,0.034,0.0,0.0,Open,2.9326394189493246
0:25,-819.09,2.32,2.85,0.034,0.0,0.0,Open,2.509891031639788
0:26,-816.2,2.32,2.83,0.034,0.0,0.0,Open,2.153054239427591
0:27,-813.31,2.31,2.81,0.034,0.0,0.0,Open,2.613854207047737
0:28,-810.42,2.3,2.79,0.034,0.0,0.0,Open,2.304467393823039
0:29,-807.53,2.29,2.77,0.034,0.0,0.0,Open,2.349888165879212
0:30,-804.65,2.28,2.75,0.034,0.0,0.0,Open,1.9005228414737907
0:31,-801.76,2.27,2.74,0.034,0.0,0.0,Open,1.7501937215698284
0:32,-798.88,2.27,2.72,0.034,0.0,0.0,Open,2.344408061669603
0:33,-796.0,2.26,2.7,0.034,0.0,0.0,Open,1.9606800250890415
0:34,-793.12,2.25,2.68,0.034,0.0,0.0,Open,2.564810577705862
0:35,-790.24,2.24,2.66,0.034,0.0,0.0,Open,1.8685764011655304
0:36,-787.36,2.23,2.65,0.034,0.0,0.0,Open,2.0166712949364825
0:37,-784.49,2.23,2.63,0.034,0.0,0.0,Open,2.6144845006938175
0:38,-781.61,2.22,2.61,0.034,0.0,0.0,Open,2.185397112440284
0:39,-778.74,2.21,2.59,0.034,0.0,0.0,Open,2.4331189660914148
0:40,-775.87,2.2,2.58,0.034,0.0,0.0,Open,2.028128738447704
0:41,-773.0,2.19,2.56,0.034,0.0,0.0,Open,2.378858450529999
0:42,-770.14,2.18,2.54,0.034,0.0,0.0,Open,2.2443423209602913
0:43,-767.27,2.18,2.52,0.034,0.0,0.0,Open,2.038902859366596
0:44,-764.41,2.17,2.51,0.034,0.0,0.0,Open,2.492291031405283
0:45,-761.54,2.16,2.49,0.034,0.0,0.0,Open,2.0872918980791244
0:46,-758.68,2.15,2.47,0.034,0.0,0.0,Open,2.1575034637934936
0:47,-755.82,2.14,2.45,0.034,0.0,0.0,Open,2.1083169674229123
0:48,-752.96,2.14,2.44,0.034,0.0,0.0,Open,2.0737478687708286
0:49,-750.11,2.13,2.42,0.034,0.0,0.0,Open,2.363400978770168
0:50,-747.25,2.12,2.4,0.034,0.0,0.0,Open,1.8864891545840763
0:51,-744.4,2.11,2.39,0.034,0.0,0.0,Open,1.9904907371527631
0:52,-741.55,2.1,2.37,0.034,0.0,0.0,Open,2.526938918893551
0:53,-738.7,2.1,2.35,0.034,0.0,0.0,Open,1.7585052644397081
0:54,-735.85,2.09,2.33,0.035,0.0,0.0,Open,1.8746192535380144
0:55,-733.0,2.08,2.32,0.035,0.0,0.0,Open,1.8771405435225423
0:56,-730.16,2.07,2.3,0.035,0.0,0.0,Open,2.3552314617433305
0:57,-727.31,2.06,2.28,0.035,0.0,0.0,Open,2.626888428257632
0:58,-724.47,2.06,2.27,0.035,0.0,0.0,Open,2.099059564610844
0:59,-721.63,2.05,2.25,0.035,0.0,0.0,Open,2.575327159602852
1:00,-718.79,2.04,2.24,0.035,0.0,0.0,Open,1.9783177870417346
1:01,-715.96,2.03,2.22,0.035,0.0,0.0,Open,2.366771512267228
1:02,-713.12,2.02,2.2,0.035,0.0,0.0,Open,1.999119668675858
1:03,-710.29,2.01,2.19,0.035,0.0,0.0,Open,2.5905352356656426
1:04,-707.46,2.01,2.17,0.035,0.0,0.0,Open,2.4801156476586206
1:05,-704.63,2.0,2.15,0.035,0.0,0.0,Open,1.9703884874846365
1:06,-701.8,1.99,2.14,0.035,0.0,0.0,Open,1.7464621199980508
1:07,-698.97,1.98,2.12,0.035,0.0,0.0,Open,2.03880189585523
1:08,-696.14,1.97,2.11,0.035,0.0,0.0,Open,1.7543423476365112
1:09,-693.32,1.97,2.09,0.035,0.0,0.0,Open,1.9571903292746657
1:10,-690.5,1.96,2.08,0.035,0.0,0.0,Open,2.2446740266916447
1:11,-687.68,1.95,2.06,0.035,0.0,0.0,Open,1.6157569119448407
1:12,-684.86,1.94,2.04,0.035,0.0,0.0,Open,1.500827030243008
1:13,-682.04,1.93,2.03,0.035,0.0,0.0,Open,2.358298695658521
1:14,-679.23,1.93,2.01,0.035,0.0,0.0,Open,1.8425365803379443
1:15,-676.41,1.92,2.0,0.035,0.0,0.0,Open,2.200258108402719
1:16,-673.6,1.91,1.98,0.035,0.0,0.0,Open,2.078351587347126
1:17,-670.79,1.9,1.97,0.035,0.0,0.0,Open,1.4958912389684482
1:18,-667.98,1.89,1.95,0.035,0.0,0.0,Open,2.4440764719189882
1:19,-665.18,1.89,1.94,0.035,0.0,0.0,Open,1.9165527815632912
1:20,-662.37,1.88,1.92,0.035,0.0,0.0,Open,1.368489894739799
1:21,-659.57,1.87,1.91,0.035,0.0,0.0,Open,1.6804766900362424
1:22,-656.77,1.86,1.89,0.035,0.0,0.0,Open,1.7608640877884105
1:23,-653.97,1.86,1.88,0.035,0.0,0.0,Open,2.239429412933368
1:24,-651.17,1.85,1.86,0.035,0.0,0.0,Open,1.2861672460803644
1:25,-648.37,1.84,1.85,0.035,0.0,0.0,Open,2.478294049971332
1:26,-645.58,1.83,1.83,0.035,0.0,0.0,Open,2.1172144388578924
1:27,-642.79,1.82,1.82,0.035,0.0,0.0,Open,1.6771118529870102
1:28,-640.0,1.82,1.8,0.035,0.0,0.0,Open,1.9694736422649677
1:29,-637.21,1.81,1.79,0.035,0.0,0.0,Open,1.5146001511459417
1:30,-634.42,1.8,1.77,0.035,0.0,0.0,Open,1.7336527554420351
1:31,-631.63,1.79,1.76,0.035,0.0,0.0,Open,1.628252465975746
1:32,-628.85,1.78,1.75,0.035,0.0,0.0,Open,1.7942443030647954
1:33,-626.07,1.78,1.73,0.035,0.0,0.0,Open,1.8920616895937137
1:34,-623.29,1.77,1.72,0.035,0.0,0.0,Open,1.9022480031375284
1:35,-620.51,1.76,1.7,0.035,0.0,0.0,Open,1.7637964476241854
1:36,-617.73,1.75,1.69,0.035,0.0,0.0,Open,1.3834176704475527
1:37,-614.96,1.74,1.67,0.035,0.0,0.0,Open,2.1213134060973986
1:38,-612.18,1.74,1.66,0.035,0.0,0.0,Open,1.7071681125917355
1:39,-609.41,1.73,1.65,0.035,0.0,0.0,Open,1.7887082499344098
1:40,-606.64,1.72,1.63,0.036,0.0,0.0,Open,1.434662857538983
1:41,-603.88,1.71,1.62,0.036,0.0,0.0,Open,1.6236075446039298
1:42,-601.11,1.71,1.61,0.036,0.0,0.0,Open,1.5449229061228458
1:43,-598.35,1.7,1.59,0.036,0.0,0.0,Open,1.5427825342898678
1:44,-595.59,1.69,1.58,0.036,0.0,0.0,Open,1.861605942070241
1:45,-592.83,1.68,1.56,0.036,0.0,0.0,Open,1.5808867038731873
1:46,-590.07,1.67,1.55,0.036,0.0,0.0,Open,1.7254790561661162
1:47,-587.31,1.67,1.54,0.036,0.0,0.0,Open,1.3655857885312974
1:48,-584.56,1.66,1.52,0.036,0.0,0.0,Open,1.8947762524897098
1:49,-581.81,1.65,1.51,0.036,0.0,0.0,Open,1.1585066572769098
1:50,-579.05,1.64,1.5,0.036,0.0,0.0,Open,1.6886778965631317
1:51,-576.31,1.63,1.48,0.036,0.0,0.0,Open,1.1914734362686126
1:52,-573.56,1.63,1.47,0.036,0.0,0.0,Open,1.4633094185508544
1:53,-570.81,1.62,1.46,0.036,0.0,0.0,Open,1.7004899903477309
1:54,-568.07,1.61,1.45,0.036,0.0,0.0,Open,1.9022652967660536
1:55,-565.33,1.6,1.43,0.036,0.0,0.0,Open,1.5240883383786168
1:56,-562.59,1.6,1.42,0.036,0.0,0.0,Open,1.6783998908075946
1:57,-559.86,1.59,1.41,0.036,0.0,0.0,Open,1.7236600119911403
1:58,-557.12,1.58,1.39,0.036,0.0,0.0,Open,1.4179777362424888
1:59,-554.39,1.57,1.38,0.036,0.0,0.0,Open,1.7523387405971587
2:00,-551.66,1.56,1.37,0.036,0.0,0.0,Open,1.4828870118779642
2:01,-548.93,1.56,1.36,0.036,0.0,0.0,Open,1.3861391136274706
2:02,-546.2,1.55,1.34,0.036,0.0,0.0,Open,2.082288435503978
2:03,-543.47,1.54,1.33,0.036,0.0,0.0,Open,1.8456896360149182
2:04,-540.75,1.53,1.32,0.036,0.0,0.0,Open,1.11354175308498
2:05,-538.03,1.53,1.31,0.036,0.0,0.0,Open,1.6266143089465495
2:06,-535.31,1.52,1.3,0.036,0.0,0.0,Open,1.4899533259366817
2:07,-532.59,1.51,1.28,0.036,0.0,0.0,Open,1.1727776855750072
2:08,-529.88,1.5,1.27,0.036,0.0,0.0,Open,1.5793339141436993
2:09,-527.17,1.5,1.26,0.036,0.0,0.0,Open,1.5886313163088372
2:10,-524.45,1.49,1.25,0.036,0.0,0.0,Open,1.411257127609793
2:11,-521.74,1.48,1.23,0.036,0.0,0.0,Open,0.9876690457221811
2:12,-519.04,1.47,1.22,0.036,0.0,0.0,Open,1.2437188408473594
2:13,-516.33,1.46,1.21,0.036,0.0,0.0,Open,1.8048270850009374
2:14,-513.63,1.46,1.2,0.036,0.0,0.0,Open,1.7135071746845183
2:15,-510.93,1.45,1.19,0.036,0.0,0.0,Open,1.5820351913925088
2:16,-508.23,1.44,1.18,0.036,0.0,0.0,Open,1.883238401351547
2:17,-505.53,1.43,1.16,0.036,0.0,0.0,Open,1.6934613055031185
2:18,-502.84,1.43,1.15,0.037,0.0,0.0,Open,1.3465753543241699
2:19,-500.15,1.42,1.14,0.037,0.0,0.0,Open,1.601202940297611
2:20,-497.46,1.41,1.13,0.037,0.0,0.0,Open,0.8900727124163205
2:21,-494.77,1.4,1.12,0.037,0.0,0.0,Open,1.5494539276597414
2:22,-492.08,1.4,1.11,0.037,0.0,0.0,Open,0.8228851608503726
2:23,-489.4,1.39,1.1,0.037,0.0,0.0,Open,1.3243827366701446
2:24,-486.72,1.38,1.09,0.037,0.0,0.0,Open,1.4233215709180898
2:25,-484.04,1.37,1.07,0.037,0.0,0.0,Open,1.643364311615065
2:26,-481.36,1.37,1.06,0.037,0.0,0.0,Open,1.5655650721517913
2:27,-478.68,1.36,1.05,0.037,0.0,0.0,Open,1.3504220495210801
2:28,-476.01,1.35,1.04,0.037,0.0,0.0,Open,1.0340642999454976
2:29,-473.34,1.34,1.03,0.037,0.0,0.0,Open,1.8503417537181948
2:30,-470.67,1.34,1.02,0.037,0.0,0.0,Open,1.3149381956838975
2:31,-468.0,1.33,1.01,0.037,0.0,0.0,Open,1.0485569660081895
2:32,-465.34,1.32,1.0,0.037,0.0,0.0,Open,1.051117642982893
2:33,-462.68,1.31,0.99,0.037,0.0,0.0,Open,1.1369882257186066
2:34,-460.02,1.3,0.98,0.037,0.0,0.0,Open,1.5805205949271652
2:35,-457.36,1.3,0.97,0.037,0.0,0.0,Open,1.1446914912255775
2:36,-454.7,1.29,0.96,0.037,0.0,0.0,Open,1.5721885199003918
2:37,-452.05,1.28,0.95,0.037,0.0,0.0,Open,0.9756824699280641
2:38,-449.4,1.27,0.94,0.037,0.0,0.0,Open,1.0434407128053935
2:39,-446.75,1.27,0.93,0.037,0.0,0.0,Open,1.2610460373590269
2:40,-444.1,1.26,0.92,0.037,0.0,0.0,Open,1.2159539794803917
2:41,-441.46,1.25,0.91,0.037,0.0,0.0,Open,1.6545856042837743
2:42,-438.82,1.24,0.9,0.037,0.0,0.0,Open,1.5117030489486663
2:43,-436.18,1.24,0.89,0.037,0.0,0.0,Open,1.108151099667733
2:44,-433.54,1.23,0.88,0.037,0.0,0.0,Open,1.0797025673876761
2:45,-430.91,1.22,0.87,0.037,0.0,0.0,Open,1.0486998158099314
2:46,-428.27,1.21,0.86,0.037,0.0,0.0,Open,1.3491444369254895
2:47,-425.64,1.21,0.85,0.037,0.0,0.0,Open,1.342459851911983
2:48,-423.02,1.2,0.84,0.037,0.0,0.0,Open,1.036798289713071
2:49,-420.39,1.19,0.83,0.037,0.0,0.0,Open,1.5320394333622338
2:50,-417.77,1.19,0.82,0.038,0.0,0.0,Open,1.1955685087692527
2:51,-415.15,1.18,0.81,0.038,0.0,0.0,Open,0.6297776291011173
2:52,-412.53,1.17,0.8,0.038,0.0,0.0,Open,0.8097692356582998
2:53,-409.91,1.16,0.79,0.038,0.0,0.0,Open,0.8399514715230982
2:54,-407.3,1.16,0.78,0.038,0.0,0.0,Open,1.1867238162852323
2:55,-404.69,1.15,0.77,0.038,0.0,0.0,Open,0.7522979824944156
2:56,-402.08,1.14,0.76,0.038,0.0,0.0,Open,1.2162290638878681
2:57,-399.47,1.13,0.75,0.038,0.0,0.0,Open,0.9553555434559518
2:58,-396.87,1.13,0.74,0.038,0.0,0.0,Open,1.0186615729885193
2:59,-394.27,1.12,0.74,0.038,0.0,0.0,Open,0.7035202583533569
3:00,-391.67,1.11,0.73,0.038,0.0,0.0,Open,1.268720377124989
3:01,-389.08,1.1,0.72,0.038,0.0,0.0,Open,1.0516743209628805
3:02,-386.48,1.1,0.71,0.038,0.0,0.0,Open,0.9774794192301887
3:03,-383.89,1.09,0.7,0.038,0.0,0.0,Open,0.9137305712825206
3:04,-381.3,1.08,0.69,0.038,0.0,0.0,Open,1.3774477431409693
3:05,-378.72,1.07,0.68,0.038,0.0,0.0,Open,1.7745311993254238
3:06,-376.13,1.07,0.67,0.038,0.0,0.0,Open,0.550805881644491
3:07,-373.55,1.06,0.67,0.038,0.0,0.0,Open,0.7386620083942317
3:08,-370.97,1.05,0.66,0.038,0.0,0.0,Open,0.8840327168109685
3:09,-368.4,1.05,0.65,0.038,0.0,0.0,Open,1.2565696525729921
3:10,-365.83,1.04,0.64,0.038,0.0,0.0,Open,0.6574090274901867
3:11,-363.26,1.03,0.63,0.038,0.0,0.0,Open,0.9915476468869876
3:12,-360.69,1.02,0.62,0.038,0.0,0.0,Open,0.6390706801711836
3:13,-358.12,1.02,0.62,0.038,0.0,0.0,Open,1.1571054400144587
3:14,-355.56,1.01,0.61,0.038,0.0,0.0,Open,1.4627970412740923
3:15,-353.0,1.0,0.6,0.038,0.0,0.0,Open,1.2536445413797208
3:16,-350.44,0.99,0.59,0.039,0.0,0.0,Open,0.9327699211584344
3:17,-347.89,0.99,0.58,0.039,0.0,0.0,Open,0.5282978604328215
3:18,-345.34,0.98,0.58,0.039,0.0,0.0,Open,0.582353869996411
3:19,-342.79,0.97,0.57,0.039,0.0,0.0,Open,0.5907763319548986
3:20,-340.24,0.97,0.56,0.039,0.0,0.0,Open,0.8101267365418757
3:21,-337.7,0.96,0.55,0.039,0.0,0.0,Open,1.0767557283131146
3:22,-335.16,0.95,0.54,0.039,0.0,0.0,Open,0.7248510075702773
3:23,-332.62,0.94,0.54,0.039,0.0,0.0,Open,0.45689415222731417
3:24,-330.08,0.94,0.53,0.039,0.0,0.0,Open,0.9531798519089614
3:25,-327.55,0.93,0.52,0.039,0.0,0.0,Open,1.211643269108965
3:26,-325.02,0.92,0.51,0.039,0.0,0.0,Open,0.5515075512101971
3:27,-322.5,0.91,0.51,0.039,0.0,0.0,Open,1.109702688828549
3:28,-319.97,0.91,0.5,0.039,0.0,0.0,Open,0.7799795699316634
3:29,-317.45,0.9,0.49,0.039,0.0,0.0,Open,0.6490548288448901
3:30,-314.93,0.89,0.48,0.039,0.0,0.0,Open,1.0102117222951945
3:31,-312.42,0.89,0.48,0.039,0.0,0.0,Open,1.135788094959365
3:32,-309.9,0.88,0.47,0.039,0.0,0.0,Open,0.24832879670770747
3:33,-307.4,0.87,0.46,0.039,0.0,0.0,Open,1.236646738048219
3:34,-304.89,0.86,0.46,0.039,0.0,0.0,Open,0.3707582537935232
3:35,-302.39,0.86,0.45,0.039,0.0,0.0,Open,0.5778814813954363
3:36,-299.89,0.85,0.44,0.039,0.0,0.0,Open,0.8079746884503147
3:37,-297.39,0.84,0.44,0.039,0.0,0.0,Open,1.0650896609142413
3:38,-294.89,0.84,0.43,0.04,0.0,0.0,Open,0.5275931922689998
3:39,-292.4,0.83,0.42,0.04,0.0,0.0,Open,1.1940208597118303
3:40,-289.91,0.82,0.42,0.04,0.0,0.0,Open,0.720047984079675
3:41,-287.43,0.82,0.41,0.04,0.0,0.0,Open,0.9544146203098849
3:42,-284.95,0.81,0.4,0.04,0.0,0.0,Open,0.8283700408825673
3:43,-282.47,0.8,0.4,0.04,0.0,0.0,Open,0.7288546600104675
3:44,-279.99,0.79,0.39,0.04,0.0,0.0,Open,1.4074635079659232
3:45,-277.52,0.79,0.38,0.04,0.0,0.0,Open,0.4940246179630322
3:46,-275.05,0.78,0.38,0.04,0.0,0.0,Open,0.9435584920861458
3:47,-272.58,0.77,0.37,0.04,0.0,0.0,Open,0.8061678755213629
3:48,-270.12,0.77,0.36,0.04,0.0,0.0,Open,0.4709304607884332
3:49,-267.66,0.76,0.36,0.04,0.0,0.0,Open,0.5818967616745472
3:50,-265.2,0.75,0.35,0.04,0.0,0.0,Open,0.7610817944035263
3:51,-262.75,0.75,0.35,0.04,0.0,0.0,Open,0.9040152132851484
3:52,-260.3,0.74,0.34,0.04,0.0,0.0,Open,0.7352745626848414
3:53,-257.85,0.73,0.33,0.04,0.0,0.0,Open,0.6014644828355677
3:54,-255.41,0.72,0.33,0.04,0.0,0.0,Open,0.8750348565593288
3:55,-252.97,0.72,0.32,0.04,0.0,0.0,Open,0.6119751891389147
3:56,-250.53,0.71,0.32,0.04,0.0,0.0,Open,0.21282934536431963
3:57,-248.1,0.7,0.31,0.041,0.0,0.0,Open,0.659380569605471
3:58,-245.67,0.7,0.31,0.041,0.0,0.0,Open,1.0214433710060111
3:59,-243.24,0.69,0.3,0.041,0.0,0.0,Open,0.6531092359990075
4:00,-240.82,0.68,0.3,0.041,0.0,0.0,Open,0.8383577418769956
4:01,-238.4,0.68,0.29,0.041,0.0,0.0,Open,0.2538694370530528
4:02,-235.99,0.67,0.28,0.041,0.0,0.0,Open,0.7550388448900637
4:03,-233.57,0.66,0.28,0.041,0.0,0.0,Open,0.6956181886817423
4:04,-231.17,0.66,0.27,0.041,0.0,0.0,Open,0.9739167670760656
4:05,-228.76,0.65,0.27,0.041,0.0,0.0,Open,0.34161700072925555
4:06,-226.36,0.64,0.26,0.041,0.0,0.0,Open,0.4902124806491047
4:07,-223.96,0.64,0.26,0.041,0.0,0.0,Open,0.4357476053321978
4:08,-221.57,0.63,0.25,0.041,0.0,0.0,Open,0.9266079657448089
4:09,-219.18,0.62,0.25,0.041,0.0,0.0,Open,0.30030646806069117
4:10,-216.79,0.61,0.24,0.041,0.0,0.0,Open,0.01585601525196023
4:11,-214.41,0.61,0.24,0.041,0.0,0.0,Open,0.11873514112228661
4:12,-212.03,0.6,0.23,0.041,0.0,0.0,Open,0.7559132366212871
4:13,-209.65,0.59,0.23,0.042,0.0,0.0,Open,0.8314903072442468
4:14,-207.28,0.59,0.22,0.042,0.0,0.0,Open,0.7021116269069202
4:15,-204.91,0.58,0.22,0.042,0.0,0.0,Open,0.9378208632305916
4:16,-202.55,0.57,0.21,0.042,0.0,0.0,Open,0.5064316299741183
4:17,-200.19,0.57,0.21,0.042,0.0,0.0,Open,0.3314719284954012
4:18,-197.83,0.56,0.2,0.042,0.0,0.0,Open,0.4614406254159254
4:19,-195.48,0.55,0.2,0.042,0.0,0.0,Open,0.824604691909409
4:20,-193.13,0.55,0.2,0.042,0.0,0.0,Open,0.8550195410356872
4:21,-190.79,0.54,0.19,0.042,0.0,0.0,Open,0.9016101840200468
4:22,-188.45,0.53,0.19,0.042,0.0,0.0,Open,0.17815176562623997
4:23,-186.12,0.53,0.18,0.042,0.0,0.0,Open,0.04353150332820965
4:24,-183.78,0.52,0.18,0.042,0.0,0.0,Open,0.9298168711433826
4:25,-181.46,0.51,0.17,0.042,0.0,0.0,Open,0.5278851119267648
4:26,-179.13,0.51,0.17,0.043,0.0,0.0,Open,0.3195868158516103
4:27,-176.82,0.5,0.17,0.043,0.0,0.0,Open,0.28574902564478366
4:28,-174.5,0.5,0.16,0.043,0.0,0.0,Open,0.8520191303661104
4:29,-172.19,0.49,0.16,0.043,0.0,0.0,Open,0.6559762933502001
4:30,-169.89,0.48,0.15,0.043,0.0,0.0,Open,0.0990269639503829
4:31,-167.58,0.48,0.15,0.043,0.0,0.0,Open,0.3094949949791801
4:32,-165.29,0.47,0.15,0.043,0.0,0.0,Open,0.39917261805715165
4:33,-163.0,0.46,0.14,0.043,0.0,0.0,Open,-0.05859481620515877
4:34,-160.71,0.46,0.14,0.043,0.0,0.0,Open,0.5792602385347185
4:35,-158.43,0.45,0.14,0.043,0.0,0.0,Open,0.43389158769708164
4:36,-156.15,0.44,0.13,0.043,0.0,0.0,Open,0.6677696523398219
4:37,-153.87,0.44,0.13,0.043,0.0,0.0,Open,0.36677515504398683
4:38,-151.61,0.43,0.13,0.044,0.0,0.0,Open,-0.07855918847224758
4:39,-149.34,0.42,0.12,0.044,0.0,0.0,Open,0.8480518820187843
4:40,-147.08,0.42,0.12,0.044,0.0,0.0,Open,0.372317496494605
4:41,-144.83,0.41,0.12,0.044,0.0,0.0,Open,0.3547037994056567
4:42,-142.58,0.4,0.11,0.044,0.0,0.0,Open,0.6268063237194967
4:43,-140.33,0.4,0.11,0.044,0.0,0.0,Open,0.35621406399203065
4:44,-138.1,0.39,0.11,0.044,0.0,0.0,Open,0.6081805975092899
4:45,-135.86,0.39,0.1,0.044,0.0,0.0,Open,0.6051103938060967
4:46,-133.63,0.38,0.1,0.044,0.0,0.0,Open,0.8543010345677958
4:47,-131.41,0.37,0.1,0.045,0.0,0.0,Open,0.2642837608956994
4:48,-129.19,0.37,0.09,0.045,0.0,0.0,Open,-0.1137480992531783
4:49,-126.98,0.36,0.09,0.045,0.0,0.0,Open,0.5239639789350923
4:50,-124.77,0.35,0.09,0.045,0.0,0.0,Open,0.7981093703848172
4:51,-122.57,0.35,0.08,0.045,0.0,0.0,Open,-0.04811179659406983
4:52,-120.37,0.34,0.08,0.045,0.0,0.0,Open,0.6443531298325196
4:53,-118.18,0.34,0.08,0.045,0.0,0.0,Open,0.17421408969744487
4:54,-115.99,0.33,0.08,0.045,0.0,0.0,Open,0.3250114867927042
4:55,-113.81,0.32,0.07,0.045,0.0,0.0,Open,0.15656685034286694
4:56,-111.64,0.32,0.07,0.046,0.0,0.0,Open,0.9587736667367468
4:57,-109.47,0.31,0.07,0.046,0.0,0.0,Open,0.8223113535600126
4:58,-107.31,0.3,0.07,0.046,0.0,0.0,Open,-0.1739234410201667
4:59,-105.16,0.3,0.06,0.046,0.0,0.0,Open,0.1128548583356013
5:00,-126.36,0.36,0.09,0.045,0.0,0.0,Open,0.3056991372589069
5:01,347.56,0.99,0.58,0.039,0.0,0.0,Open,0.6829939987801423
5:02,345.37,0.98,0.58,0.039,0.0,0.0,Open,0.3498427632879637
5:03,343.18,0.97,0.57,0.039,0.0,0.0,Open,1.1119374880772923
5:04,341.01,0.97,0.56,0.039,0.0,0.0,Open,1.0011183974851914
5:05,338.84,0.96,0.56,0.039,0.0,0.0,Open,0.8158776954783531
5:06,336.68,0.96,0.55,0.039,0.0,0.0,Open,0.6281928975612814
5:07,334.54,0.95,0.54,0.039,0.0,0.0,Open,0.6884499310785737
5:08,332.4,0.94,0.54,0.039,0.0,0.0,Open,0.5678815044364667
5:09,330.28,0.94,0.53,0.039,0.0,0.0,Open,0.7682055370266472
5:10,328.16,0.93,0.52,0.039,0.0,0.0,Open,0.8427334987449576
5:11,326.06,0.92,0.52,0.039,0.0,0.0,Open,0.8224736828196509
5:12,323.96,0.92,0.51,0.039,0.0,0.0,Open,0.9202736034732293
5:13,321.88,0.91,0.5,0.039,0.0,0.0,Open,0.9891408403955562
5:14,319.8,0.91,0.5,0.039,0.0,0.0,Open,0.8167639802000102
5:15,317.74,0.9,0.49,0.039,0.0,0.0,Open,0.9584205426151976
5:16,315.68,0.9,0.49,0.039,0.0,0.0,Open,0.21640714359000301
5:17,313.64,0.89,0.48,0.039,0.0,0.0,Open,1.0926175921726016
5:18,311.6,0.88,0.48,0.039,0.0,0.0,Open,0.6636111368297296
5:19,309.57,0.88,0.47,0.039,0.0,0.0,Open,0.3727014088882551
5:20,307.56,0.87,0.46,0.039,0.0,0.0,Open,0.9862553644670506
5:21,305.55,0.87,0.46,0.039,0.0,0.0,Open,0.8431464235875901
5:22,303.56,0.86,0.45,0.039,0.0,0.0,Open,0.3734730751867484
5:23,301.57,0.86,0.45,0.039,0.0,0.0,Open,0.48048005763025675
5:24,299.59,0.85,0.44,0.039,0.0,0.0,Open,1.1233564885242981
5:25,297.63,0.84,0.44,0.039,0.0,0.0,Open,0.9728210627859253
5:26,295.67,0.84,0.43,0.039,0.0,0.0,Open,1.1347478827560376
5:27,293.72,0.83,0.43,0.04,0.0,0.0,Open,0.52216856716824
5:28,291.79,0.83,0.42,0.04,0.0,0.0,Open,0.44162057012883205
5:29,289.86,0.82,0.42,0.04,0.0,0.0,Open,1.2278843782552435
5:30,287.94,0.82,0.41,0.04,0.0,0.0,Open,1.1994820162964057
5:31,286.03,0.81,0.41,0.04,0.0,0.0,Open,0.5898506456808309
5:32,284.13,0.81,0.4,0.04,0.0,0.0,Open,0.9525091565337415
5:33,282.24,0.8,0.4,0.04,0.0,0.0,Open,0.46730156182967725
5:34,280.36,0.8,0.39,0.04,0.0,0.0,Open,-0.11308994036992792
5:35,278.49,0.79,0.39,0.04,0.0,0.0,Open,1.2252124400452111
5:36,276.63,0.78,0.38,0.04,0.0,0.0,Open,0.6402337544558225
5:37,274.78,0.78,0.38,0.04,0.0,0.0,Open,0.8825544593365507
5:38,272.94,0.77,0.37,0.04,0.0,0.0,Open,0.6703273323431354
5:39,271.11,0.77,0.37,0.04,0.0,0.0,Open,0.893835337690906
5:40,269.28,0.76,0.36,0.04,0.0,0.0,Open,0.6828084692332637
5:41,267.47,0.76,0.36,0.04,0.0,0.0,Open,0.5088909716576722
5:42,265.66,0.75,0.35,0.04,0.0,0.0,Open,1.0840258273031849
5:43,263.87,0.75,0.35,0.04,0.0,0.0,Open,0.6987622976076411
5:44,262.08,0.74,0.35,0.04,0.0,0.0,Open,0.3894978047276852
5:45,260.3,0.74,0.34,0.04,0.0,0.0,Open,0.7652873731840065
5:46,258.54,0.73,0.34,0.04,0.0,0.0,Open,0.6940224687610101
5:47,256.78,0.73,0.33,0.04,0.0,0.0,Open,0.39717623648997735
5:48,255.03,0.72,0.33,0.04,0.0,0.0,Open,0.936349413307018
5:49,253.29,0.72,0.32,0.04,0.0,0.0,Open,0.5256121457219873
5:50,251.56,0.71,0.32,0.04,0.0,0.0,Open,0.7977537829332143
5:51,249.84,0.71,0.32,0.04,0.0,0.0,Open,0.9066824334086565
5:52,248.12,0.7,0.31,0.041,0.0,0.0,Open,1.016396645363138
5:53,246.42,0.7,0.31,0.041,0.0,0.0,Open,0.49786336033402134
5:54,244.73,0.69,0.3,0.041,0.0,0.0,Open,1.121183647110687
5:55,243.04,0.69,0.3,0.041,0.0,0.0,Open,0.5122960966896051
5:56,241.36,0.68,0.3,0.041,0.0,0.0,Open,0.9127507521921645
5:57,239.7,0.68,0.29,0.041,0.0,0.0,Open,1.0798903841245988
5:58,238.04,0.68,0.29,0.041,0.0,0.0,Open,0.6759910422435904
5:59,236.39,0.67,0.29,0.041,0.0,0.0,Open,0.49728263424729713
6:00,234.75,0.67,0.28,0.041,0.0,0.0,Open,0.49178264347850864
6:01,233.11,0.66,0.28,0.041,0.0,0.0,Open,0.2652641092509988
6:02,231.49,0.66,0.27,0.041,0.0,0.0,Open,1.0775473746844497
6:03,229.88,0.65,0.27,0.041,0.0,0.0,Open,0.46852481733331897
6:04,228.27,0.65,0.27,0.041,0.0,0.0,Open,0.7927428701450566
6:05,226.68,0.64,0.26,0.041,0.0,0.0,Open,0.8301527892851144
6:06,225.09,0.64,0.26,0.041,0.0,0.0,Open,0.9417442171135191
6:07,223.51,0.63,0.26,0.041,0.0,0.0,Open,0.84286387087001
6:08,221.94,0.63,0.25,0.041,0.0,0.0,Open,0.6762968380566579
6:09,220.38,0.63,0.25,0.041,0.0,0.0,Open,0.8915276698631496
6:10,218.82,0.62,0.25,0.041,0.0,0.0,Open,0.8974482135301102
6:11,217.28,0.62,0.24,0.041,0.0,0.0,Open,0.6750414106885568
6:12,215.74,0.61,0.24,0.041,0.0,0.0,Open,0.9425617675540423
6:13,214.21,0.61,0.24,0.041,0.0,0.0,Open,0.31756545688349413
6:14,212.69,0.6,0.23,0.041,0.0,0.0,Open,0.5041686277017887
6:15,211.18,0.6,0.23,0.042,0.0,0.0,Open,0.15378264416446863
6:16,209.68,0.59,0.23,0.042,0.0,0.0,Open,0.5217774178479385
6:17,208.19,0.59,0.23,0.042,0.0,0.0,Open,0.35048437173718894
6:18,206.7,0.59,0.22,0.042,0.0,0.0,Open,0.788136228014541
6:19,205.22,0.58,0.22,0.042,0.0,0.0,Open,0.6354474629750815
6:20,203.76,0.58,0.22,0.042,0.0,0.0,Open,0.5324060966212387
6:21,202.3,0.57,0.21,0.042,0.0,0.0,Open,0.012065624091449179
6:22,200.84,0.57,0.21,0.042,0.0,0.0,Open,0.6268500486293846
6:23,199.4,0.57,0.21,0.042,0.0,0.0,Open,0.9506371594701002
6:24,197.96,0.56,0.21,0.042,0.0,0.0,Open,0.8438623622877992
6:25,196.54,0.56,0.2,0.042,0.0,0.0,Open,0.0856382506521241
6:26,195.12,0.55,0.2,0.042,0.0,0.0,Open,0.7998087601476125
6:27,193.71,0.55,0.2,0.042,0.0,0.0,Open,0.774683510770006
6:28,192.3,0.55,0.19,0.042,0.0,0.0,Open,1.0894788317014261
6:29,190.91,0.54,0.19,0.042,0.0,0.0,Open,1.0116216256904722
6:30,189.52,0.54,0.19,0.042,0.0,0.0,Open,0.41990630391765654
6:31,188.14,0.53,0.19,0.042,0.0,0.0,Open,0.40646380120828307
6:32,186.77,0.53,0.18,0.042,0.0,0.0,Open,0.4963497778364424
6:33,185.41,0.53,0.18,0.042,0.0,0.0,Open,0.9770797766273986
6:34,184.06,0.52,0.18,0.042,0.0,0.0,Open,0.6979692608348446
6:35,182.71,0.52,0.18,0.042,0.0,0.0,Open,0.5917392146130259
6:36,181.37,0.51,0.17,0.042,0.0,0.0,Open,0.3979400923298514
6:37,180.04,0.51,0.17,0.042,0.0,0.0,Open,0.14451532238460052
6:38,178.72,0.51,0.17,0.043,0.0,0.0,Open,0.27115962976426555
6:39,177.4,0.5,0.17,0.043,0.0,0.0,Open,0.6189894666141806
6:40,176.1,0.5,0.17,0.043,0.0,0.0,Open,0.16710492406794847
6:41,174.8,0.5,0.16,0.043,0.0,0.0,Open,-0.23862311774490508
6:42,173.5,0.49,0.16,0.043,0.0,0.0,Open,0.3905454549274755
6:43,172.22,0.49,0.16,0.043,0.0,0.0,Open,0.17315354027482271
6:44,170.94,0.48,0.16,0.043,0.0,0.0,Open,0.8429030745968222
6:45,169.68,0.48,0.15,0.043,0.0,0.0,Open,0.3322133271251323
6:46,168.42,0.48,0.15,0.043,0.0,0.0,Open,0.33341306865216186
6:47,167.16,0.47,0.15,0.043,0.0,0.0,Open,0.5078781061492533
6:48,165.92,0.47,0.15,0.043,0.0,0.0,Open,0.5472193255788451
6:49,164.68,0.47,0.15,0.043,0.0,0.0,Open,0.7120517168479082
6:50,163.45,0.46,0.14,0.043,0.0,0.0,Open,0.865778016568522
6:51,162.22,0.46,0.14,0.043,0.0,0.0,Open,0.38821081809994784
6:52,161.01,0.46,0.14,0.043,0.0,0.0,Open,0.19032273492168733
6:53,159.8,0.45,0.14,0.043,0.0,0.0,Open,0.4213900885664009
6:54,158.6,0.45,0.14,0.043,0.0,0.0,Open,0.5385059588161341
6:55,157.41,0.45,0.13,0.043,0.0,0.0,Open,0.21795850645005105
6:56,156.22,0.44,0.13,0.043,0.0,0.0,Open,0.46053415981055273
6:57,155.04,0.44,0.13,0.043,0.0,0.0,Open,-0.017822072750335594
6:58,153.87,0.44,0.13,0.043,0.0,0.0,Open,0.18355148135340849
6:59,152.71,0.43,0.13,0.044,0.0,0.0,Open,0.39449142237190865
7:00,151.55,0.43,0.13,0.044,0.0,0.0,Open,0.40947722206452697
7:01,150.4,0.43,0.12,0.044,0.0,0.0,Open,0.6237430407935862
7:02,149.26,0.42,0.12,0.044,0.0,0.0,Open,0.6819118343585082
7:03,148.12,0.42,0.12,0.044,0.0,0.0,Open,0.3042263390825022
7:04,146.99,0.42,0.12,0.044,0.0,0.0,Open,0.31787913173641813
7:05,145.87,0.41,0.12,0.044,0.0,0.0,Open,0.6446692466684272
7:06,144.76,0.41,0.11,0.044,0.0,0.0,Open,0.23787548959069507
7:07,143.65,0.41,0.11,0.044,0.0,0.0,Open,1.0335988718936564
7:08,142.55,0.4,0.11,0.044,0.0,0.0,Open,0.4671174074835231
7:09,141.46,0.4,0.11,0.044,0.0,0.0,Open,0.16935365890181153
7:10,140.37,0.4,0.11,0.044,0.0,0.0,Open,0.42685116625749564
7:11,139.29,0.4,0.11,0.044,0.0,0.0,Open,0.3050974916861253
7:12,138.22,0.39,0.11,0.044,0.0,0.0,Open,0.641602312756687
7:13,137.16,0.39,0.1,0.044,0.0,0.0,Open,0.6405030681059538
7:14,136.1,0.39,0.1,0.044,0.0,0.0,Open,0.1425530593533859
7:15,135.05,0.38,0.1,0.044,0.0,0.0,Open,0.26920691187813484
7:16,134.0,0.38,0.1,0.044,0.0,0.0,Open,0.03932013104159188
7:17,132.96,0.38,0.1,0.044,0.0,0.0,Open,0.5818853998908484
7:18,131.93,0.37,0.1,0.044,0.0,0.0,Open,0.7628020937150171
7:19,130.91,0.37,0.1,0.045,0.0,0.0,Open,-0.3302596882090467
7:20,129.89,0.37,0.09,0.045,0.0,0.0,Open,0.17676583301276194
7:21,128.88,0.37,0.09,0.045,0.0,0.0,Open,-0.3287439400559803
7:22,127.87,0.36,0.09,0.045,0.0,0.0,Open,0.23813249339792505
7:23,126.87,0.36,0.09,0.045,0.0,0.0,Open,0.489991834527966
7:24,125.88,0.36,0.09,0.045,0.0,0.0,Open,0.42401041195067624
7:25,124.9,0.35,0.09,0.045,0.0,0.0,Open,0.30895406916751783
7:26,123.92,0.35,0.09,0.045,0.0,0.0,Open,-0.05855682883607899
7:27,122.95,0.35,0.08,0.045,0.0,0.0,Open,0.39384806489110047
7:28,121.98,0.35,0.08,0.045,0.0,0.0,Open,0.5978182836034691
7:29,121.02,0.34,0.08,0.045,0.0,0.0,Open,0.20159044802080425
7:30,120.07,0.34,0.08,0.045,0.0,0.0,Open,0.4158054228553446
7:31,119.12,0.34,0.08,0.045,0.0,0.0,Open,0.2583306372501842
7:32,118.18,0.34,0.08,0.045,0.0,0.0,Open,0.2229340311018156
7:33,117.25,0.33,0.08,0.045,0.0,0.0,Open,0.46472925885827293
7:34,116.32,0.33,0.08,0.045,0.0,0.0,Open,-0.09101408010200224
7:35,115.4,0.33,0.08,0.045,0.0,0.0,Open,-0.1280042202180296
7:36,114.48,0.32,0.07,0.045,0.0,0.0,Open,-0.1573790929807185
7:37,113.57,0.32,0.07,0.045,0.0,0.0,Open,0.3534397910350675
7:38,112.67,0.32,0.07,0.046,0.0,0.0,Open,-0.09838747533484238
7:39,111.77,0.32,0.07,0.046,0.0,0.0,Open,0.19426988182918056
7:40,110.88,0.31,0.07,0.046,0.0,0.0,Open,0.18929032228792497
7:41,110.0,0.31,0.07,0.046,0.0,0.0,Open,0.19931817096509535
7:42,109.12,0.31,0.07,0.046,0.0,0.0,Open,-0.21311976320821496
7:43,108.25,0.31,0.07,0.046,0.0,0.0,Open,0.3106127293326046
7:44,107.38,0.3,0.07,0.046,0.0,0.0,Open,-0.39514418176324456
7:45,106.52,0.3,0.07,0.046,0.0,0.0,Open,0.3452692857355537
7:46,105.66,0.3,0.06,0.046,0.0,0.0,Open,0.27972539683737746
7:47,104.82,0.3,0.06,0.046,0.0,0.0,Open,0.6520046292713648
7:48,103.97,0.29,0.06,0.046,0.0,0.0,Open,0.5027579431015273
7:49,103.14,0.29,0.06,0.046,0.0,0.0,Open,0.04346082812907859
7:50,102.3,0.29,0.06,0.046,0.0,0.0,Open,0.12384089071199506
7:51,101.48,0.29,0.06,0.046,0.0,0.0,Open,0.6952264407834929
7:52,100.66,0.29,0.06,0.046,0.0,0.0,Open,0.17087941999188444
7:53,99.84,0.28,0.06,0.046,0.0,0.0,Open,0.09019978060773437
7:54,99.03,0.28,0.06,0.046,0.0,0.0,Open,-0.25445188350804515
7:55,98.23,0.28,0.06,0.046,0.0,0.0,Open,0.8240073273177085
7:56,97.43,0.28,0.06,0.047,0.0,0.0,Open,-0.012166132771680882
7:57,96.64,0.27,0.05,0.047,0.0,0.0,Open,-0.5711608810972154
7:58,95.86,0.27,0.05,0.047,0.0,0.0,Open,0.32773737780774137
7:59,95.08,0.27,0.05,0.047,0.0,0.0,Open,0.18741545144684796
8:00,94.3,0.27,0.05,0.047,0.0,0.0,Open,0.6557589646875653
8:01,93.53,0.27,0.05,0.047,0.0,0.0,Open,0.16288565403667155
8:02,92.77,0.26,0.05,0.047,0.0,0.0,Open,0.3309063823723273
8:03,92.01,0.26,0.05,0.047,0.0,0.0,Open,0.7761833439865485
8:04,91.25,0.26,0.05,0.047,0.0,0.0,Open,-0.18191761655673933
8:05,90.51,0.26,0.05,0.047,0.0,0.0,Open,0.39578892386189835
8:06,89.76,0.25,0.05,0.047,0.0,0.0,Open,0.09165367639609898
8:07,89.03,0.25,0.05,0.047,0.0,0.0,Open,0.8636191194449095
8:08,88.29,0.25,0.05,0.047,0.0,0.0,Open,0.19281855788685104
8:09,87.57,0.25,0.05,0.047,0.0,0.0,Open,0.1955088645132402
8:10,86.84,0.25,0.04,0.047,0.0,0.0,Open,0.6965730494847515
8:11,86.13,0.24,0.04,0.047,0.0,0.0,Open,0.09408884491250763
8:12,85.42,0.24,0.04,0.047,0.0,0.0,Open,-0.0762320309506046
8:13,84.71,0.24,0.04,0.048,0.0,0.0,Open,0.11278231125005103
8:14,84.01,0.24,0.04,0.048,0.0,0.0,Open,0.3402876535086994
8:15,83.31,0.24,0.04,0.048,0.0,0.0,Open,0.2190152636598242
8:16,82.62,0.23,0.04,0.048,0.0,0.0,Open,-0.16336703313729248
8:17,81.94,0.23,0.04,0.048,0.0,0.0,Open,-0.1176279089729699
8:18,81.26,0.23,0.04,0.048,0.0,0.0,Open,0.364515527596615
8:19,80.58,0.23,0.04,0.048,0.0,0.0,Open,0.25419801605633713
8:20,79.91,0.23,0.04,0.048,0.0,0.0,Open,0.657457810794169
8:21,79.24,0.22,0.04,0.048,0.0,0.0,Open,0.22712015568990854
8:22,78.58,0.22,0.04,0.048,0.0,0.0,Open,0.26551833089434496
8:23,77.92,0.22,0.04,0.048,0.0,0.0,Open,-0.3539401069235609
8:24,77.27,0.22,0.04,0.048,0.0,0.0,Open,0.7565669591535938
8:25,76.63,0.22,0.04,0.048,0.0,0.0,Open,0.24994759043595344
8:26,75.98,0.22,0.03,0.048,0.0,0.0,Open,0.3896232172168971
8:27,75.35,0.21,0.03,0.048,0.0,0.0,Open,-0.12361710338235352
8:28,74.71,0.21,0.03,0.048,0.0,0.0,Open,0.9419459996934021
8:29,74.09,0.21,0.03,0.048,0.0,0.0,Open,-0.34470307089438657
8:30,73.46,0.21,0.03,0.049,0.0,0.0,Open,0.17797052791722884
8:31,72.85,0.21,0.03,0.049,0.0,0.0,Open,0.7924101003291136
8:32,72.23,0.2,0.03,0.049,0.0,0.0,Open,0.3785078797675287
8:33,71.62,0.2,0.03,0.049,0.0,0.0,Open,0.510448832471442
8:34,71.02,0.2,0.03,0.049,0.0,0.0,Open,0.44301977562319383
8:35,70.42,0.2,0.03,0.049,0.0,0.0,Open,0.029784331697100763
8:36,69.82,0.2,0.03,0.049,0.0,0.0,Open,0.05925706954759111
8:37,69.23,0.2,0.03,0.049,0.0,0.0,Open,-0.015129643736627535
8:38,68.64,0.19,0.03,0.049,0.0,0.0,Open,0.47206811939014376
8:39,68.06,0.19,0.03,0.049,0.0,0.0,Open,-0.20228404393030902
8:40,67.48,0.19,0.03,0.049,0.0,0.0,Open,0.27069438881115643
8:41,66.91,0.19,0.03,0.049,0.0,0.0,Open,0.013088070422916931
8:42,66.34,0.19,0.03,0.049,0.0,0.0,Open,0.5437001066360783
8:43,65.78,0.19,0.03,0.049,0.0,0.0,Open,0.5369968677239747
8:44,65.22,0.19,0.03,0.049,0.0,0.0,Open,-0.3521525166851412
8:45,64.66,0.18,0.03,0.049,0.0,0.0,Open,0.003527063804058317
8:46,64.11,0.18,0.03,0.05,0.0,0.0,Open,-0.0447515716124966
8:47,63.56,0.18,0.03,0.05,0.0,0.0,Open,0.4073558163718514
8:48,63.02,0.18,0.02,0.05,0.0,0.0,Open,-0.1590522437585437
8:49,62.48,0.18,0.02,0.05,0.0,0.0,Open,0.6039821504030078
8:50,61.94,0.18,0.02,0.05,0.0,0.0,Open,0.47076916159744703
8:51,61.41,0.17,0.02,0.05,0.0,0.0,Open,-0.3285133639788338
8:52,60.88,0.17,0.02,0.05,0.0,0.0,Open,-0.27633070272385296
8:53,60.36,0.17,0.02,0.05,0.0,0.0,Open,0.25515021177650526
8:54,59.84,0.17,0.02,0.05,0.0,0.0,Open,0.4287839555668115
8:55,59.33,0.17,0.02,0.05,0.0,0.0,Open,0.23475192581043045
8:56,58.82,0.17,0.02,0.05,0.0,0.0,Open,0.23252852543258978
8:57,58.31,0.17,0.02,0.05,0.0,0.0,Open,-0.7016988408936252
8:58,57.81,0.16,0.02,0.05,0.0,0.0,Open,0.3962720918602055
8:59,57.31,0.16,0.02,0.05,0.0,0.0,Open,-0.22597561489267645
9:00,56.81,0.16,0.02,0.05,0.0,0.0,Open,0.33380371808260634
9:01,56.32,0.16,0.02,0.05,0.0,0.0,Open,0.563402146911206
9:02,55.83,0.16,0.02,0.051,0.0,0.0,Open,0.34945025948447295
9:03,55.35,0.16,0.02,0.051,0.0,0.0,Open,-0.05530369605825253
9:04,54.87,0.16,0.02,0.051,0.0,0.0,Open,0.09156017447192241
9:05,54.4,0.15,0.02,0.051,0.0,0.0,Open,-0.37610422560057577
9:06,53.92,0.15,0.02,0.051,0.0,0.0,Open,-0.32582796095884037
9:07,53.45,0.15,0.02,0.051,0.0,0.0,Open,-0.026476510159486683
9:08,52.99,0.15,0.02,0.051,0.0,0.0,Open,0.2587724536648328
9:09,52.53,0.15,0.02,0.051,0.0,0.0,Open,-0.29633541186115875
9:10,52.07,0.15,0.02,0.051,0.0,0.0,Open,-0.5368641450873988
9:11,51.62,0.15,0.02,0.051,0.0,0.0,Open,0.1088503430431875
9:12,51.17,0.15,0.02,0.051,0.0,0.0,Open,0.6918091864204784
9:13,50.72,0.14,0.02,0.051,0.0,0.0,Open,0.14789033493039483
9:14,50.28,0.14,0.02,0.051,0.0,0.0,Open,0.08418808540703407
9:15,49.84,0.14,0.02,0.051,0.0,0.0,Open,0.13071062855372917
9:16,49.4,0.14,0.02,0.051,0.0,0.0,Open,-0.2373903722876421
9:17,48.97,0.14,0.02,0.052,0.0,0.0,Open,0.15590623251381153
9:18,48.54,0.14,0.02,0.052,0.0,0.0,Open,-0.5064090919340875
9:19,48.11,0.14,0.01,0.052,0.0,0.0,Open,0.1938076264348356
9:20,47.69,0.14,0.01,0.052,0.0,0.0,Open,-0.007634294021935467
9:21,47.27,0.13,0.01,0.052,0.0,0.0,Open,-0.21910291949478927
9:22,46.86,0.13,0.01,0.052,0.0,0.0,Open,-0.11008011080735097
9:23,46.44,0.13,0.01,0.052,0.0,0.0,Open,-0.05588629049287988
9:24,46.04,0.13,0.01,0.052,0.0,0.0,Open,0.8175351480643025
9:25,45.63,0.13,0.01,0.052,0.0,0.0,Open,0.30487330527406264
9:26,45.23,0.13,0.01,0.052,0.0,0.0,Open,-0.21500328945287567
9:27,44.83,0.13,0.01,0.052,0.0,0.0,Open,-0.4531896685263761
9:28,44.43,0.13,0.01,0.052,0.0,0.0,Open,-0.49915003786563905
9:29,44.04,0.12,0.01,0.052,0.0,0.0,Open,0.30974614807428086
9:30,43.65,0.12,0.01,0.052,0.0,0.0,Open,-0.13839868109614795
9:31,43.26,0.12,0.01,0.052,0.0,0.0,Open,0.6632783711790137
9:32,42.88,0.12,0.01,0.053,0.0,0.0,Open,0.24357831038859262
9:33,42.5,0.12,0.01,0.053,0.0,0.0,Open,0.7803213372763913
9:34,42.12,0.12,0.01,0.053,0.0,0.0,Open,-0.17428766482755598
9:35,41.75,0.12,0.01,0.053,0.0,0.0,Open,-0.42590756460435675
9:36,41.38,0.12,0.01,0.053,0.0,0.0,Open,0.0709681944651704
9:37,41.01,0.12,0.01,0.053,0.0,0.0,Open,0.04409842900856874
9:38,40.65,0.12,0.01,0.053,0.0,0.0,Open,0.36803472415158267
9:39,40.29,0.11,0.01,0.053,0.0,0.0,Open,-0.1735913233217954
9:40,39.93,0.11,0.01,0.053,0.0,0.0,Open,0.3095695507477982
9:41,39.57,0.11,0.01,0.053,0.0,0.0,Open,-0.25315900776291556
9:42,39.22,0.11,0.01,0.053,0.0,0.0,Open,0.3249114744708938
9:43,38.87,0.11,0.01,0.053,0.0,0.0,Open,0.2128750266562941
9:44,38.52,0.11,0.01,0.053,0.0,0.0,Open,-0.3025816847312597
9:45,38.18,0.11,0.01,0.053,0.0,0.0,Open,0.10446010843641153
9:46,37.84,0.11,0.01,0.054,0.0,0.0,Open,0.030424160053160787
9:47,37.5,0.11,0.01,0.054,0.0,0.0,Open,-0.04422014280649171
9:48,37.16,0.11,0.01,0.054,0.0,0.0,Open,0.14627201827263098
9:49,36.83,0.1,0.01,0.054,0.0,0.0,Open,-0.31412237906958995
9:50,36.5,0.1,0.01,0.054,0.0,0.0,Open,0.26362591567702726
9:51,36.17,0.1,0.01,0.054,0.0,0.0,Open,-0.0316132820648003
9:52,35.85,0.1,0.01,0.054,0.0,0.0,Open,0.5448436965933807
9:53,35.52,0.1,0.01,0.054,0.0,0.0,Open,-0.05514529393804693
9:54,35.21,0.1,0.01,0.054,0.0,0.0,Open,0.34352077481462073
9:55,34.89,0.1,0.01,0.054,0.0,0.0,Open,0.42970804574549903
9:56,34.58,0.1,0.01,0.054,0.0,0.0,Open,0.221819222877298
9:57,34.26,0.1,0.01,0.054,0.0,0.0,Open,-0.17289788530866976
9:58,33.96,0.1,0.01,0.054,0.0,0.0,Open,0.3394027728104073
9:59,33.65,0.1,0.01,0.054,0.0,0.0,Open,0.1215830307071766
10:00,33.35,0.09,0.01,0.055,0.0,0.0,Open,-0.11287353878466264
10:01,33.05,0.09,0.01,0.055,0.0,0.0,Open,0.57651009052234
10:02,32.75,0.09,0.01,0.055,0.0,0.0,Open,-0.2992697042209115
10:03,32.45,0.09,0.01,0.055,0.0,0.0,Open,-0.07387150922279612
10:04,32.16,0.09,0.01,0.055,0.0,0.0,Open,0.29308719538389383
10:05,31.87,0.09,0.01,0.055,0.0,0.0,Open,0.009325034989437722
10:06,31.58,0.09,0.01,0.055,0.0,0.0,Open,0.11340234999192393
10:07,31.29,0.09,0.01,0.055,0.0,0.0,Open,0.1963358944863423
10:08,31.01,0.09,0.01,0.055,0.0,0.0,Open,0.36580664509053573
10:09,30.73,0.09,0.01,0.055,0.0,0.0,Open,-0.03168220161444761
10:10,30.45,0.09,0.01,0.055,0.0,0.0,Open,0.22824367105045576
10:11,30.17,0.09,0.01,0.055,0.0,0.0,Open,-0.32930388707097613
10:12,29.9,0.08,0.01,0.055,0.0,0.0,Open,0.39760292405421205
10:13,29.63,0.08,0.01,0.056,0.0,0.0,Open,0.2673930032739445
10:14,29.36,0.08,0.01,0.056,0.0,0.0,Open,0.12108688081798774
10:15,29.09,0.08,0.01,0.056,0.0,0.0,Open,0.03968081024595882
10:16,28.83,0.08,0.01,0.056,0.0,0.0,Open,0.11280841296582489
10:17,28.56,0.08,0.01,0.056,0.0,0.0,Open,0.29544361977369926
10:18,28.3,0.08,0.01,0.056,0.0,0.0,Open,-0.21276545639685396
10:19,28.04,0.08,0.01,0.056,0.0,0.0,Open,0.3642805828457588
10:20,27.79,0.08,0.01,0.056,0.0,0.0,Open,0.004841371377113671
10:21,27.54,0.08,0.01,0.056,0.0,0.0,Open,0.4886812581990745
10:22,27.28,0.08,0.01,0.056,0.0,0.0,Open,0.21466431586358287
10:23,27.03,0.08,0.01,0.056,0.0,0.0,Open,-0.45339130640009634
10:24,26.79,0.08,0.01,0.056,0.0,0.0,Open,0.23771707474507442
10:25,26.54,0.08,0.0,0.056,0.0,0.0,Open,0.05974787022973642
10:26,26.3,0.07,0.0,0.056,0.0,0.0,Open,-0.23681446495495484
10:27,26.06,0.07,0.0,0.057,0.0,0.0,Open,-0.024641662665554384
10:28,25.82,0.07,0.0,0.057,0.0,0.0,Open,0.4279529322006009
10:29,25.58,0.07,0.0,0.057,0.0,0.0,Open,0.4614585816672042
10:30,25.35,0.07,0.0,0.057,0.0,0.0,Open,-0.24945939687831303
10:31,25.12,0.07,0.0,0.057,0.0,0.0,Open,0.30211673577200293
10:32,24.89,0.07,0.0,0.057,0.0,0.0,Open,0.10467188607917524
10:33,24.66,0.07,0.0,0.057,0.0,0.0,Open,0.2591179109692202
10:34,24.43,0.07,0.0,0.057,0.0,0.0,Open,0.4026906384624063
10:35,24.21,0.07,0.0,0.057,0.0,0.0,Open,0.8269448245694113
10:36,23.98,0.07,0.0,0.057,0.0,0.0,Open,-0.10087057169228292
10:37,23.76,0.07,0.0,0.057,0.0,0.0,Open,0.730079545187273
10:38,23.54,0.07,0.0,0.057,0.0,0.0,Open,-0.22923351709584844
10:39,23.33,0.07,0.0,0.058,0.0,0.0,Open,-0.08514269424016141
10:40,23.11,0.07,0.0,0.058,0.0,0.0,Open,-0.34811839123949656
10:41,22.9,0.06,0.0,0.058,0.0,0.0,Open,0.06105045938733422
10:42,22.69,0.06,0.0,0.058,0.0,0.0,Open,0.20720569506805128
10:43,22.48,0.06,0.0,0.058,0.0,0.0,Open,-0.24914965230423924
10:44,22.27,0.06,0.0,0.058,0.0,0.0,Open,0.04524791132244077
10:45,22.07,0.06,0.0,0.058,0.0,0.0,Open,0.47259091873443654
10:46,21.86,0.06,0.0,0.058,0.0,0.0,Open,-0.03435969612123735
10:47,21.66,0.06,0.0,0.058,0.0,0.0,Open,-0.3797019141297457
10:48,21.46,0.06,0.0,0.058,0.0,0.0,Open,-0.24294882528009976
10:49,21.26,0.06,0.0,0.058,0.0,0.0,Open,0.01536105924224205
10:50,21.06,0.06,0.0,0.058,0.0,0.0,Open,0.10544109661981732
10:51,20.87,0.06,0.0,0.058,0.0,0.0,Open,-0.12027545058803535
10:52,20.68,0.06,0.0,0.059,0.0,0.0,Open,-0.29010944687584667
10:53,20.48,0.06,0.0,0.059,0.0,0.0,Open,-0.08968374133936494
10:54,20.29,0.06,0.0,0.059,0.0,0.0,Open,0.0067317245210908455
10:55,20.11,0.06,0.0,0.059,0.0,0.0,Open,0.28155705442572493
10:56,19.92,0.06,0.0,0.059,0.0,0.0,Open,-0.06786971945670955
10:57,19.73,0.06,0.0,0.059,0.0,0.0,Open,0.1958907237553785
10:58,19.55,0.06,0.0,0.059,0.0,0.0,Open,0.15075483850979482
10:59,19.37,0.05,0.0,0.059,0.0,0.0,Open,0.01607642796553918
11:00,102.34,0.29,0.06,0.046,0.0,0.0,Open,-0.3403811017059369
11:01,-482.56,1.37,1.07,0.037,0.0,0.0,Open,1.6200871221941529
11:02,-479.88,1.36,1.06,0.037,0.0,0.0,Open,1.7440406489883358
11:03,-477.21,1.35,1.05,0.037,0.0,0.0,Open,1.6248306608131502
11:04,-474.53,1.35,1.04,0.037,0.0,0.0,Open,1.6941287274028325
11:05,-471.86,1.34,1.03,0.037,0.0,0.0,Open,1.1894707933886415
11:06,-469.2,1.33,1.01,0.037,0.0,0.0,Open,1.2573038298839991
11:07,-466.53,1.32,1.0,0.037,0.0,0.0,Open,1.675656303637028
11:08,-463.87,1.32,0.99,0.037,0.0,0.0,Open,1.4481541813158554
11:09,-461.21,1.31,0.98,0.037,0.0,0.0,Open,1.504038903270782
11:10,-458.55,1.3,0.97,0.037,0.0,0.0,Open,0.9602455260490216
11:11,-455.89,1.29,0.96,0.037,0.0,0.0,Open,1.2359637172300506
11:12,-453.24,1.29,0.95,0.037,0.0,0.0,Open,1.3520020821818983
11:13,-450.59,1.28,0.94,0.037,0.0,0.0,Open,1.6493017403764294
11:14,-447.94,1.27,0.93,0.037,0.0,0.0,Open,0.4118932442181181
11:15,-445.29,1.26,0.92,0.037,0.0,0.0,Open,1.0750770841997361
11:16,-442.64,1.26,0.91,0.037,0.0,0.0,Open,1.9538330139497422
11:17,-440.0,1.25,0.9,0.037,0.0,0.0,Open,1.4934180234199463
11:18,-437.36,1.24,0.89,0.037,0.0,0.0,Open,1.1446639512837005
11:19,-434.72,1.23,0.88,0.037,0.0,0.0,Open,1.5930350408457183
11:20,-432.09,1.23,0.87,0.037,0.0,0.0,Open,1.6430521703258818
11:21,-429.45,1.22,0.86,0.037,0.0,0.0,Open,1.3871519443246103
11:22,-426.82,1.21,0.85,0.037,0.0,0.0,Open,0.7727295009081652
11:23,-424.19,1.2,0.84,0.037,0.0,0.0,Open,1.138917852327455
11:24,-421.57,1.2,0.83,0.037,0.0,0.0,Open,0.18132430107664077
11:25,-418.94,1.19,0.82,0.038,0.0,0.0,Open,1.5953665046570003
11:26,-416.32,1.18,0.81,0.038,0.0,0.0,Open,1.0954760375845394
11:27,-413.7,1.17,0.8,0.038,0.0,0.0,Open,1.3730318679469773
11:28,-411.08,1.17,0.79,0.038,0.0,0.0,Open,1.3262881149979246
11:29,-408.47,1.16,0.78,0.038,0.0,0.0,Open,1.0712984640467562
11:30,-405.86,1.15,0.78,0.038,0.0,0.0,Open,0.6395470075271206
11:31,-403.25,1.14,0.77,0.038,0.0,0.0,Open,0.6043658151004067
11:32,-400.64,1.14,0.76,0.038,0.0,0.0,Open,1.4252415375716017
11:33,-398.04,1.13,0.75,0.038,0.0,0.0,Open,0.9721653825659087
11:34,-395.43,1.12,0.74,0.038,0.0,0.0,Open,1.003308161803961
11:35,-392.83,1.11,0.73,0.038,0.0,0.0,Open,1.398636441446512
11:36,-390.24,1.11,0.72,0.038,0.0,0.0,Open,0.8630646099066158
11:37,-387.64,1.1,0.71,0.038,0.0,0.0,Open,0.7581656905748817
11:38,-385.05,1.09,0.7,0.038,0.0,0.0,Open,1.277217226043529
11:39,-382.46,1.08,0.69,0.038,0.0,0.0,Open,1.2609729060378811
11:40,-379.87,1.08,0.69,0.038,0.0,0.0,Open,0.9478876042430526
11:41,-377.29,1.07,0.68,0.038,0.0,0.0,Open,1.2928456439786329
11:42,-374.71,1.06,0.67,0.038,0.0,0.0,Open,0.913607255441539
11:43,-372.13,1.06,0.66,0.038,0.0,0.0,Open,0.8818456431372936
11:44,-369.55,1.05,0.65,0.038,0.0,0.0,Open,1.6405722235441687
11:45,-366.98,1.04,0.64,0.038,0.0,0.0,Open,0.806194269644033
11:46,-364.4,1.03,0.64,0.038,0.0,0.0,Open,1.3439935678767583
11:47,-361.84,1.03,0.63,0.038,0.0,0.0,Open,1.2780034985423023
11:48,-359.27,1.02,0.62,0.038,0.0,0.0,Open,0.8323095234246067
11:49,-356.71,1.01,0.61,0.038,0.0,0.0,Open,0.7994888849736309
11:50,-354.14,1.0,0.6,0.038,0.0,0.0,Open,1.2136773485348058
11:51,-351.59,1.0,0.59,0.038,0.0,0.0,Open,0.7003839287369809
11:52,-349.03,0.99,0.59,0.039,0.0,0.0,Open,0.8504497506687776
11:53,-346.48,0.98,0.58,0.039,0.0,0.0,Open,0.8651810662251926
11:54,-343.93,0.98,0.57,0.039,0.0,0.0,Open,1.7926105563308834
11:55,-341.38,0.97,0.56,0.039,0.0,0.0,Open,0.6920869603419174
11:56,-338.84,0.96,0.56,0.039,0.0,0.0,Open,1.1360281156300194
11:57,-336.29,0.95,0.55,0.039,0.0,0.0,Open,0.9076614121387441
11:58,-333.75,0.95,0.54,0.039,0.0,0.0,Open,0.41034301612272506
11:59,-331.22,0.94,0.53,0.039,0.0,0.0,Open,0.5108853480109912
12:00,-328.68,0.93,0.52,0.039,0.0,0.0,Open,0.5912439231409958
12:01,-326.15,0.93,0.52,0.039,0.0,0.0,Open,0.9191763826323847
12:02,-323.62,0.92,0.51,0.039,0.0,0.0,Open,0.43521965283495145
12:03,-321.1,0.91,0.5,0.039,0.0,0.0,Open,1.0543459777682926
12:04,-318.58,0.9,0.5,0.039,0.0,0.0,Open,1.2309734749981192
12:05,-316.06,0.9,0.49,0.039,0.0,0.0,Open,0.3801817143860027
12:06,-313.54,0.89,0.48,0.039,0.0,0.0,Open,1.1838835567931656
12:07,-311.03,0.88,0.47,0.039,0.0,0.0,Open,0.6819610925081266
12:08,-308.52,0.88,0.47,0.039,0.0,0.0,Open,0.6410317934451014
12:09,-306.01,0.87,0.46,0.039,0.0,0.0,Open,1.2011191063725475
12:10,-303.51,0.86,0.45,0.039,0.0,0.0,Open,1.5163341594979478
12:11,-301.0,0.85,0.45,0.039,0.0,0.0,Open,1.141216709273064
12:12,-298.5,0.85,0.44,0.039,0.0,0.0,Open,1.0312071893800796
12:13,-296.01,0.84,0.43,0.039,0.0,0.0,Open,1.2060176834211869
12:14,-293.52,0.83,0.43,0.04,0.0,0.0,Open,0.4691760394218925
12:15,-291.03,0.83,0.42,0.04,0.0,0.0,Open,0.5149287388572901
12:16,-288.54,0.82,0.41,0.04,0.0,0.0,Open,0.8096360511314575
12:17,-286.06,0.81,0.41,0.04,0.0,0.0,Open,1.4236088464019683
12:18,-283.58,0.8,0.4,0.04,0.0,0.0,Open,0.4336111961950876
12:19,-281.1,0.8,0.39,0.04,0.0,0.0,Open,1.0590166068203593
12:20,-278.63,0.79,0.39,0.04,0.0,0.0,Open,1.5200393437270163
12:21,-276.15,0.78,0.38,0.04,0.0,0.0,Open,0.2890795838485012
12:22,-273.69,0.78,0.37,0.04,0.0,0.0,Open,1.717232274871447
12:23,-271.22,0.77,0.37,0.04,0.0,0.0,Open,1.0675361038463087
12:24,-268.76,0.76,0.36,0.04,0.0,0.0,Open,0.06486388516865449
12:25,-266.3,0.76,0.36,0.04,0.0,0.0,Open,1.2048384284718496
12:26,-263.85,0.75,0.35,0.04,0.0,0.0,Open,0.7388464297259303
12:27,-261.4,0.74,0.34,0.04,0.0,0.0,Open,0.6507299407084398
12:28,-258.95,0.73,0.34,0.04,0.0,0.0,Open,0.5869628791638298
12:29,-256.5,0.73,0.33,0.04,0.0,0.0,Open,1.0254123003554587
12:30,-254.06,0.72,0.33,0.04,0.0,0.0,Open,0.5115703394266433
12:31,-251.62,0.71,0.32,0.04,0.0,0.0,Open,1.106410323686394
12:32,-249.19,0.71,0.31,0.041,0.0,0.0,Open,1.1849595094873615
12:33,-246.76,0.7,0.31,0.041,0.0,0.0,Open,0.8699942181158872
12:34,-244.33,0.69,0.3,0.041,0.0,0.0,Open,0.7772098595116674
12:35,-241.91,0.69,0.3,0.041,0.0,0.0,Open,0.9470623581208122
12:36,-239.48,0.68,0.29,0.041,0.0,0.0,Open,0.6268014696609099
12:37,-237.07,0.67,0.29,0.041,0.0,0.0,Open,0.8523378717027588
12:38,-234.65,0.67,0.28,0.041,0.0,0.0,Open,0.356108577800732
12:39,-232.24,0.66,0.28,0.041,0.0,0.0,Open,0.4847319503055865
12:40,-229.84,0.65,0.27,0.041,0.0,0.0,Open,0.18531144763363844
12:41,-227.43,0.65,0.27,0.041,0.0,0.0,Open,0.088917154776753
12:42,-225.03,0.64,0.26,0.041,0.0,0.0,Open,0.0334875867354375
12:43,-222.64,0.63,0.26,0.041,0.0,0.0,Open,1.1419502090457345
12:44,-220.25,0.62,0.25,0.041,0.0,0.0,Open,0.4145819348932096
12:45,-217.86,0.62,0.25,0.041,0.0,0.0,Open,0.49366040345370577
12:46,-215.47,0.61,0.24,0.041,0.0,0.0,Open,0.43320678984499933
12:47,-213.09,0.6,0.24,0.041,0.0,0.0,Open,0.6991387458186993
12:48,-210.71,0.6,0.23,0.042,0.0,0.0,Open,0.9864530618117705
12:49,-208.34,0.59,0.23,0.042,0.0,0.0,Open,0.4623438648212398
12:50,-205.97,0.58,0.22,0.042,0.0,0.0,Open,0.9355777974339065
12:51,-203.61,0.58,0.22,0.042,0.0,0.0,Open,0.9067480215194659
12:52,-201.24,0.57,0.21,0.042,0.0,0.0,Open,0.5328594978322235
12:53,-198.89,0.56,0.21,0.042,0.0,0.0,Open,0.2683425009397626
12:54,-196.53,0.56,0.2,0.042,0.0,0.0,Open,0.34620706228519466
12:55,-194.18,0.55,0.2,0.042,0.0,0.0,Open,0.8375584085246304
12:56,-191.84,0.54,0.19,0.042,0.0,0.0,Open,0.0031243262717692843
12:57,-189.5,0.54,0.19,0.042,0.0,0.0,Open,1.0396686673132491
12:58,-187.16,0.53,0.18,0.042,0.0,0.0,Open,0.664957213363471
12:59,-184.83,0.52,0.18,0.042,0.0,0.0,Open,0.20479129542991376
13:00,-182.5,0.52,0.18,0.042,0.0,0.0,Open,0.16425242856525846
13:01,-180.18,0.51,0.17,0.042,0.0,0.0,Open,0.6431658353248197
13:02,-177.85,0.5,0.17,0.043,0.0,0.0,Open,0.4474986943547795
13:03,-175.55,0.5,0.16,0.043,0.0,0.0,Open,0.6849540670495571
13:04,-173.23,0.49,0.16,0.043,0.0,0.0,Open,0.20894161682977874
13:05,-170.93,0.48,0.16,0.043,0.0,0.0,Open,0.1770897035276066
13:06,-168.62,0.48,0.15,0.043,0.0,0.0,Open,0.1049786694601873
13:07,-166.32,0.47,0.15,0.043,0.0,0.0,Open,0.5653055024987957
13:08,-164.03,0.47,0.14,0.043,0.0,0.0,Open,0.6521858771609069
13:09,-161.74,0.46,0.14,0.043,0.0,0.0,Open,0.15337303264025393
13:10,-159.46,0.45,0.14,0.043,0.0,0.0,Open,0.6827313921470001
13:11,-157.18,0.45,0.13,0.043,0.0,0.0,Open,0.30929504618652337
13:12,-154.9,0.44,0.13,0.043,0.0,0.0,Open,0.2623631662382985
13:13,-152.63,0.43,0.13,0.044,0.0,0.0,Open,0.44034852523477974
13:14,-150.36,0.43,0.12,0.044,0.0,0.0,Open,0.4588576761452955
13:15,-148.1,0.42,0.12,0.044,0.0,0.0,Open,0.3014439985461399
13:16,-145.85,0.41,0.12,0.044,0.0,0.0,Open,0.41397552914307867
13:17,-143.59,0.41,0.11,0.044,0.0,0.0,Open,0.17261013242180823
13:18,-141.35,0.4,0.11,0.044,0.0,0.0,Open,0.2825509528303978
13:19,-139.11,0.39,0.11,0.044,0.0,0.0,Open,0.6470404153308955
13:20,-136.87,0.39,0.1,0.044,0.0,0.0,Open,0.38757702900613533
13:21,-134.64,0.38,0.1,0.044,0.0,0.0,Open,0.28630407222703064
13:22,-132.41,0.38,0.1,0.044,0.0,0.0,Open,0.056127952853655294
13:23,-130.19,0.37,0.09,0.045,0.0,0.0,Open,0.7682582999195935
13:24,-127.98,0.36,0.09,0.045,0.0,0.0,Open,0.06105495865068056
13:25,-125.77,0.36,0.09,0.045,0.0,0.0,Open,0.4672300915647186
13:26,-123.56,0.35,0.09,0.045,0.0,0.0,Open,-0.4676084455443249
13:27,-121.36,0.34,0.08,0.045,0.0,0.0,Open,0.8130401870539887
13:28,-119.17,0.34,0.08,0.045,0.0,0.0,Open,0.14171200500178752
13:29,-116.98,0.33,0.08,0.045,0.0,0.0,Open,0.18961126498222822
13:30,-114.8,0.33,0.07,0.045,0.0,0.0,Open,0.1406160888720681
13:31,-112.62,0.32,0.07,0.046,0.0,0.0,Open,1.2022873913766858
13:32,-110.45,0.31,0.07,0.046,0.0,0.0,Open,0.33158811696635276
13:33,-108.29,0.31,0.07,0.046,0.0,0.0,Open,0.3577849308122179
13:34,-106.13,0.3,0.06,0.046,0.0,0.0,Open,1.0143570400532682
13:35,-103.98,0.29,0.06,0.046,0.0,0.0,Open,0.7317872717619399
13:36,-101.83,0.29,0.06,0.046,0.0,0.0,Open,-0.0008805801872187602
13:37,-99.69,0.28,0.06,0.046,0.0,0.0,Open,0.0002551327503350631
13:38,-97.56,0.28,0.06,0.047,0.0,0.0,Open,-0.03951371072034593
13:39,-95.43,0.27,0.05,0.047,0.0,0.0,Open,0.5403192075888006
13:40,-93.31,0.26,0.05,0.047,0.0,0.0,Open,0.13863006442076586
13:41,-91.19,0.26,0.05,0.047,0.0,0.0,Open,0.573250257634671
13:42,-89.09,0.25,0.05,0.047,0.0,0.0,Open,-0.2904130923892764
13:43,-86.99,0.25,0.04,0.047,0.0,0.0,Open,0.5484057869868447
13:44,-84.89,0.24,0.04,0.047,0.0,0.0,Open,0.42337514024325984
13:45,-82.81,0.23,0.04,0.048,0.0,0.0,Open,-0.09998272099688496
13:46,-80.73,0.23,0.04,0.048,0.0,0.0,Open,0.35108120163784384
13:47,-78.65,0.22,0.04,0.048,0.0,0.0,Open,0.13814922701268512
13:48,-76.59,0.22,0.04,0.048,0.0,0.0,Open,0.053361375888440726
13:49,-74.53,0.21,0.03,0.048,0.0,0.0,Open,0.42433535081352186
13:50,-72.48,0.21,0.03,0.049,0.0,0.0,Open,0.6286503114462784
13:51,-70.44,0.2,0.03,0.049,0.0,0.0,Open,0.3392876038137722
13:52,-68.41,0.19,0.03,0.049,0.0,0.0,Open,0.8176030670553385
13:53,-66.38,0.19,0.03,0.049,0.0,0.0,Open,0.21172362785599144
13:54,-64.37,0.18,0.03,0.049,0.0,0.0,Open,0.21878238287024968
13:55,-62.36,0.18,0.02,0.05,0.0,0.0,Open,0.40808137172473413
13:56,-60.36,0.17,0.02,0.05,0.0,0.0,Open,0.3401683359339069
13:57,-58.37,0.17,0.02,0.05,0.0,0.0,Open,0.23035128464639473
13:58,-56.39,0.16,0.02,0.05,0.0,0.0,Open,0.3819587147367745
13:59,-54.41,0.15,0.02,0.051,0.0,0.0,Open,0.16294841861961235
14:00,-52.45,0.15,0.02,0.051,0.0,0.0,Open,0.20281297578058474
14:01,-50.5,0.14,0.02,0.051,0.0,0.0,Open,-0.008644569288164844
14:02,-48.56,0.14,0.02,0.052,0.0,0.0,Open,0.22660858596343286
14:03,-46.64,0.13,0.01,0.052,0.0,0.0,Open,0.23418093733577394
14:04,-44.73,0.13,0.01,0.052,0.0,0.0,Open,0.5503137371099676
14:05,-42.82,0.12,0.01,0.053,0.0,0.0,Open,0.1533630835982
14:06,-40.92,0.12,0.01,0.053,0.0,0.0,Open,0.0020180138930159935
14:07,-39.03,0.11,0.01,0.053,0.0,0.0,Open,-0.19787689007183273
14:08,-37.15,0.11,0.01,0.054,0.0,0.0,Open,-0.2637165937290088
14:09,-35.28,0.1,0.01,0.054,0.0,0.0,Open,0.22561758743698102
14:10,-33.42,0.09,0.01,0.055,0.0,0.0,Open,0.020210002676030875
14:11,-31.58,0.09,0.01,0.055,0.0,0.0,Open,-0.3651616670251213
14:12,-29.75,0.08,0.01,0.055,0.0,0.0,Open,0.09682022603320371
14:13,-27.94,0.08,0.01,0.056,0.0,0.0,Open,0.08457475957925424
14:14,-26.14,0.07,0.0,0.057,0.0,0.0,Open,0.07973623691724879
14:15,-24.35,0.07,0.0,0.057,0.0,0.0,Open,-0.005731216874234266
14:16,-22.58,0.06,0.0,0.058,0.0,0.0,Open,0.07266840994364493
14:17,-20.82,0.06,0.0,0.058,0.0,0.0,Open,0.061297949868321315
14:18,-19.09,0.05,0.0,0.059,0.0,0.0,Open,0.25136123008803296
14:19,-17.36,0.05,0.0,0.06,0.0,0.0,Open,-0.3365501174217491
14:20,-15.66,0.04,0.0,0.061,0.0,0.0,Open,-0.1891782100621316
14:21,-13.97,0.04,0.0,0.062,0.0,0.0,Open,-0.020464945627050257
14:22,-12.31,0.03,0.0,0.063,0.0,0.0,Open,-0.017963382979395065
14:23,-10.66,0.03,0.0,0.065,0.0,0.0,Open,-0.3224137863182429
14:24,-9.04,0.03,0.0,0.066,0.0,0.0,Open,0.25695384728281756
14:25,-7.43,0.02,0.0,0.068,0.0,0.0,Open,-0.38160642296799063
14:26,-5.85,0.02,0.0,0.071,0.0,0.0,Open,0.3774228837517872
14:27,-4.28,0.01,0.0,0.074,0.0,0.0,Open,0.07439840280990533
14:28,-2.7,0.01,0.0,0.079,0.0,0.0,Open,-0.07059396138619012
14:29,-0.96,0.0,0.0,0.092,0.0,0.0,Open,0.24899568754527773
14:30,-0.02,0.0,0.0,0.0,0.0,0.0,Open,-0.15292808413622996
14:31,-0.01,0.0,0.0,0.0,0.0,0.0,Open,-0.3556445716531302
14:32,0.0,0.0,0.0,0.0,0.0,0.0,Open,-0.06695182148400222
14:33,0.0,0.0,0.0,0.0,0.0,0.0,Open,-0.16684180146081323
14:34,0.0,0.0,0.0,0.0,0.0,0.0,Open,-0.5345519826072458
14:35,0.0,0.0,0.0,0.0,0.0,0.0,Open,0.10472707916732821
14:36,0.0,0.0,0.0,0.0,0.0,0.0,Open,0.7710908763349895
14:37,0.0,0.0,0.0,0.0,0.0,0.0,Open,-0.08333934701046826
14:38,0.0,0.0,0.0,0.0,0.0,0.0,Open,-0.24522709500959533
14:39,0.0,0.0,0.0,0.0,0.0,0.0,Open,0.15990578789054594
14:40,0.0,0.0,0.0,0.0,0.0,0.0,Open,0.3330243184309559
14:41,0.0,0.0,0.0,0.0,0.0,0.0,Open,0.1803053293552465
14:42,0.0,0.0,0.0,0.0,0.0,0.0,Open,-0.112426570565092
14:43,0.0,0.0,0.0,0.0,0.0,0.0,Open,0.5403950842754464
14:44,0.0,0.0,0.0,0.0,0.0,0.0,Open,0.18568909534562408
14:45,0.0,0.0,0.0,0.0,0.0,0.0,Open,0.5929848380699217
14:46,0.0,0.0,0.0,0.0,0.0,0.0,Open,0.6750458474075531
14:47,0.0,0.0,0.0,0.0,0.0,0.0,Open,-0.1283718349306017
14:48,0.0,0.0,0.0,0.0,0.0,0.0,Open,-0.19853426453813233
14:49,0.0,0.0,0.0,0.0,0.0,0.0,Open,-0.5961360487657302
14:50,0.0,0.0,0.0,0.0,0.0,0.0,Open,0.2546837164219598
14:51,0.0,0.0,0.0,0.0,0.0,0.0,Open,0.1301338111788936
14:52,0.0,0.0,0.0,0.0,0.0,0.0,Open,-0.09003219518229615
14:53,0.0,0.0,0.0,0.0,0.0,0.0,Open,-0.03935868845508242
14:54,0.0,0.0,0.0,0.0,0.0,0.0,Open,0.031105381044898496
14:55,0.0,0.0,0.0,0.0,0.0,0.0,Open,-0.32812687536064966
14:56,0.0,0.0,0.0,0.0,0.0,0.0,Open,0.22094722803942354
14:57,0.0,0.0,0.0,0.0,0.0,0.0,Open,0.13148063347334044
14:58,0.0,0.0,0.0,0.0,0.0,0.0,Open,0.2039573668806701
14:59,0.0,0.0,0.0,0.0,0.0,0.0,Open,-0.21820565567778055
15:00,0.0,0.0,0.0,0.0,0.0,0.0,Open,-0.5602569230969742
15:01,0.0,0.0,0.0,0.0,0.0,0.0,Open,0.37676942769335736
15:02,0.0,0.0,0.0,0.0,0.0,0.0,Open,0.05816211069630145
15:03,0.0,0.0,0.0,0.0,0.0,0.0,Open,0.12086961452233486
15:04,0.0,0.0,0.0,0.0,0.0,0.0,Open,0.14723670324562696
15:05,0.0,0.0,0.0,0.0,0.0,0.0,Open,-0.06691227297795393
15:06,0.0,0.0,0.0,0.0,0.0,0.0,Open,-0.03774573287839786
15:07,0.0,0.0,0.0,0.0,0.0,0.0,Open,0.0027684593284887345
15:08,0.0,0.0,0.0,0.0,0.0,0.0,Open,-0.6519631940145421
15:09,0.0,0.0,0.0,0.0,0.0,0.0,Open,0.4235257774466063
15:10,0.0,0.0,0.0,0.0,0.0,0.0,Open,0.22252036694282198
15:11,0.0,0.0,0.0,0.0,0.0,0.0,Open,0.27371281386938323
15:12,0.0,0.0,0.0,0.0,0.0,0.0,Open,0.43650230454056055
15:13,0.0,0.0,0.0,0.0,0.0,0.0,Open,0.22003321419685049
15:14,0.0,0.0,0.0,0.0,0.0,0.0,Open,0.022358956821045033
15:15,0.0,0.0,0.0,0.0,0.0,0.0,Open,0.3544108370854424
15:16,0.0,0.0,0.0,0.0,0.0,0.0,Open,0.439351982794519
15:17,0.0,0.0,0.0,0.0,0.0,0.0,Open,0.12230921174869928
15:18,0.0,0.0,0.0,0.0,0.0,0.0,Open,-0.09410999869371023
15:19,0.0,0.0,0.0,0.0,0.0,0.0,Open,0.5654724801253231
15:20,0.0,0.0,0.0,0.0,0.0,0.0,Open,-0.12683406490833946
15:21,0.0,0.0,0.0,0.0,0.0,0.0,Open,-0.994743511098729
15:22,0.0,0.0,0.0,0.0,0.0,0.0,Open,-0.6328228004295001
15:23,0.0,0.0,0.0,0.0,0.0,0.0,Open,-0.29989712066614704
15:24,0.0,0.0,0.0,0.0,0.0,0.0,Open,-0.18324399785794154
15:25,0.0,0.0,0.0,0.0,0.0,0.0,Open,-0.11477432953583047
15:26,0.0,0.0,0.0,0.0,0.0,0.0,Open,0.33602355846985216
15:27,0.0,0.0,0.0,0.0,0.0,0.0,Open,0.16460444094535173
15:28,0.0,0.0,0.0,0.0,0.0,0.0,Open,0.42621626926783046
15:29,0.0,0.0,0.0,0.0,0.0,0.0,Open,-0.14843921387779813
15:30,0.0,0.0,0.0,0.0,0.0,0.0,Open,-0.04052959175167404
15:31,0.0,0.0,0.0,0.0,0.0,0.0,Open,0.019645727469554765
15:32,0.0,0.0,0.0,0.0,0.0,0.0,Open,0.3126391432870707
15:33,0.0,0.0,0.0,0.0,0.0,0.0,Open,-0.07295982523110246
15:34,0.0,0.0,0.0,0.0,0.0,0.0,Open,0.4104508135921985
15:35,0.0,0.0,0.0,0.0,0.0,0.0,Open,-0.5157133831326887
15:36,0.0,0.0,0.0,0.0,0.0,0.0,Open,-0.15135122398036754
15:37,0.0,0.0,0.0,0.0,0.0,0.0,Open,0.07988954175869761
15:38,0.0,0.0,0.0,0.0,0.0,0.0,Open,0.357751513004268
15:39,0.0,0.0,0.0,0.0,0.0,0.0,Open,-0.04500538612672614
15:40,0.0,0.0,0.0,0.0,0.0,0.0,Open,-0.16485645104957516
15:41,0.0,0.0,0.0,0.0,0.0,0.0,Open,-0.18814792979748252
15:42,0.0,0.0,0.0,0.0,0.0,0.0,Open,-0.33179113357029333
15:43,0.0,0.0,0.0,0.0,0.0,0.0,Open,0.17953197449660097
15:44,0.0,0.0,0.0,0.0,0.0,0.0,Open,-0.2507903868714413
15:45,0.0,0.0,0.0,0.0,0.0,0.0,Open,-0.43428234047280145
15:46,0.0,0.0,0.0,0.0,0.0,0.0,Open,0.02895518393312187
15:47,0.0,0.0,0.0,0.0,0.0,0.0,Open,-0.3954589762580107
15:48,0.0,0.0,0.0,0.0,0.0,0.0,Open,0.3480693779749756
15:49,0.0,0.0,0.0,0.0,0.0,0.0,Open,-0.0962179637385367
15:50,0.0,0.0,0.0,0.0,0.0,0.0,Open,-0.22884876755326775
15:51,0.0,0.0,0.0,0.0,0.0,0.0,Open,0.5187955519454063
15:52,0.0,0.0,0.0,0.0,0.0,0.0,Open,-0.5439799173324745
15:53,0.0,0.0,0.0,0.0,0.0,0.0,Open,0.1184703214043211
15:54,0.0,0.0,0.0,0.0,0.0,0.0,Open,0.038443725602275644
15:55,0.0,0.0,0.0,0.0,0.0,0.0,Open,0.4066797245436177
15:56,0.0,0.0,0.0,0.0,0.0,0.0,Open,0.06813319311032763
15:57,0.0,0.0,0.0,0.0,0.0,0.0,Open,0.5734523573920348
15:58,0.0,0.0,0.0,0.0,0.0,0.0,Open,-0.0854682812870947
15:59,0.0,0.0,0.0,0.0,0.0,0.0,Open,0.3389204053237069
16:00,0.0,0.0,0.0,0.0,0.0,0.0,Open,-0.07080465333414203
16:01,0.0,0.0,0.0,0.0,0.0,0.0,Open,-0.10387779914818203
16:02,0.0,0.0,0.0,0.0,0.0,0.0,Open,0.37990859486065687
16:03,0.0,0.0,0.0,0.0,0.0,0.0,Open,-0.3936800044282903
16:04,0.0,0.0,0.0,0.0,0.0,0.0,Open,-0.07766269679070613
16:05,0.0,0.0,0.0,0.0,0.0,0.0,Open,-0.31669835046222944
16:06,0.0,0.0,0.0,0.0,0.0,0.0,Open,-0.3122268335425355
16:07,0.0,0.0,0.0,0.0,0.0,0.0,Open,-0.17394524580137394
16:08,0.0,0.0,0.0,0.0,0.0,0.0,Open,-0.0055321849381172
16:09,0.0,0.0,0.0,0.0,0.0,0.0,Open,0.24840966885179824
16:10,0.0,0.0,0.0,0.0,0.0,0.0,Open,-0.041344143131510594
16:11,0.0,0.0,0.0,0.0,0.0,0.0,Open,-0.34179358143636196
16:12,0.0,0.0,0.0,0.0,0.0,0.0,Open,0.4081633644197059
16:13,0.0,0.0,0.0,0.0,0.0,0.0,Open,0.05588628256984051
16:14,0.0,0.0,0.0,0.0,0.0,0.0,Open,0.590873080842835
16:15,0.0,0.0,0.0,0.0,0.0,0.0,Open,0.25899556604020063
16:16,0.0,0.0,0.0,0.0,0.0,0.0,Open,0.0038669765799528703
16:17,0.0,0.0,0.0,0.0,0.0,0.0,Open,-0.2644546426954647
16:18,0.0,0.0,0.0,0.0,0.0,0.0,Open,-0.4274519246669235
16:19,0.0,0.0,0.0,0.0,0.0,0.0,Open,0.11926258981494293
16:20,0.0,0.0,0.0,0.0,0.0,0.0,Open,-0.5561231767147106
16:21,0.0,0.0,0.0,0.0,0.0,0.0,Open,-0.13867550635650536
16:22,0.0,0.0,0.0,0.0,0.0,0.0,Open,0.3003079823040438
16:23,0.0,0.0,0.0,0.0,0.0,0.0,Open,-0.4913284096115361
16:24,0.0,0.0,0.0,0.0,0.0,0.0,Open,0.4099360413625572
16:25,0.0,0.0,0.0,0.0,0.0,0.0,Open,-0.032458727821539225
16:26,0.0,0.0,0.0,0.0,0.0,0.0,Open,-0.007203016609058851
16:27,0.0,0.0,0.0,0.0,0.0,0.0,Open,0.10918226501168725
16:28,0.0,0.0,0.0,0.0,0.0,0.0,Open,0.09617897956133785
16:29,0.0,0.0,0.0,0.0,0.0,0.0,Open,-0.5586243298392981
16:30,0.0,0.0,0.0,0.0,0.0,0.0,Open,0.07506713454408132
16:31,0.0,0.0,0.0,0.0,0.0,0.0,Open,-0.19427147707738515
16:32,0.0,0.0,0.0,0.0,0.0,0.0,Open,-0.332894168639112
16:33,0.0,0.0,0.0,0.0,0.0,0.0,Open,-0.09470175509054307
16:34,0.0,0.0,0.0,0.0,0.0,0.0,Open,-0.41981596975665525
16:35,0.0,0.0,0.0,0.0,0.0,0.0,Open,-0.24362769841106344
16:36,0.0,0.0,0.0,0.0,0.0,0.0,Open,0.28802320759262756
16:37,0.0,0.0,0.0,0.0,0.0,0.0,Open,0.08451908586271327
16:38,0.0,0.0,0.0,0.0,0.0,0.0,Open,0.5529128170144375
16:39,0.0,0.0,0.0,0.0,0.0,0.0,Open,-0.04278367943640102
16:40,0.0,0.0,0.0,0.0,0.0,0.0,Open,0.5282531110434969
16:41,0.0,0.0,0.0,0.0,0.0,0.0,Open,-0.2746966689053305
16:42,0.0,0.0,0.0,0.0,0.0,0.0,Open,-0.22899511149525323
16:43,0.0,0.0,0.0,0.0,0.0,0.0,Open,0.06273015000718446
16:44,0.0,0.0,0.0,0.0,0.0,0.0,Open,0.2682087582287414
16:45,0.0,0.0,0.0,0.0,0.0,0.0,Open,0.062004316671457456
16:46,0.0,0.0,0.0,0.0,0.0,0.0,Open,-0.14315325904363208
16:47,0.0,0.0,0.0,0.0,0.0,0.0,Open,-0.22309173934883295
16:48,0.0,0.0,0.0,0.0,0.0,0.0,Open,-0.33759393963650863
16:49,0.0,0.0,0.0,0.0,0.0,0.0,Open,0.18724983783668112
16:50,0.0,0.0,0.0,0.0,0.0,0.0,Open,-0.10979061829904144
16:51,0.0,0.0,0.0,0.0,0.0,0.0,Open,-0.10788607922662227
16:52,0.0,0.0,0.0,0.0,0.0,0.0,Open,0.3990319080124531
16:53,0.0,0.0,0.0,0.0,0.0,0.0,Open,-0.5891796535649053
16:54,0.0,0.0,0.0,0.0,0.0,0.0,Open,0.2939670419855567
16:55,0.0,0.0,0.0,0.0,0.0,0.0,Open,0.5540991457367039
16:56,0.0,0.0,0.0,0.0,0.0,0.0,Open,-0.22410955440846744
16:57,0.0,0.0,0.0,0.0,0.0,0.0,Open,-0.6157153874377365
16:58,0.0,0.0,0.0,0.0,0.0,0.0,Open,-0.26127171564261653
16:59,0.0,0.0,0.0,0.0,0.0,0.0,Open,0.6444313184242545
17:00,0.0,0.0,0.0,0.0,0.0,0.0,Open,-0.4395307761598103
17:01,0.0,0.0,0.0,0.0,0.0,0.0,Open,0.24803672100460886
17:02,0.0,0.0,0.0,0.0,0.0,0.0,Open,-0.004021231225878784
17:03,0.0,0.0,0.0,0.0,0.0,0.0,Open,0.034614999845610436
17:04,0.0,0.0,0.0,0.0,0.0,0.0,Open,0.37414301939120537
17:05,0.0,0.0,0.0,0.0,0.0,0.0,Open,0.036453724992995054
17:06,0.0,0.0,0.0,0.0,0.0,0.0,Open,0.3663742514584903
17:07,0.0,0.0,0.0,0.0,0.0,0.0,Open,0.014485352839017817
17:08,0.0,0.0,0.0,0.0,0.0,0.0,Open,0.26236798074043144
17:09,0.0,0.0,0.0,0.0,0.0,0.0,Open,-0.33104830065140056
17:10,0.0,0.0,0.0,0.0,0.0,0.0,Open,-0.04492135676690305
17:11,0.0,0.0,0.0,0.0,0.0,0.0,Open,0.5245650182723722
17:12,0.0,0.0,0.0,0.0,0.0,0.0,Open,0.12975243883851448
17:13,0.0,0.0,0.0,0.0,0.0,0.0,Open,0.22389404818379813
17:14,0.0,0.0,0.0,0.0,0.0,0.0,Open,0.3155898949120957
17:15,0.0,0.0,0.0,0.0,0.0,0.0,Open,0.1092038895800795
17:16,0.0,0.0,0.0,0.0,0.0,0.0,Open,-0.08555107561937937
17:17,0.0,0.0,0.0,0.0,0.0,0.0,Open,0.05356881402190302
17:18,0.0,0.0,0.0,0.0,0.0,0.0,Open,-0.03787127823868877
17:19,0.0,0.0,0.0,0.0,0.0,0.0,Open,0.20059490760673765
17:20,0.0,0.0,0.0,0.0,0.0,0.0,Open,-0.4651228837792341
17:21,0.0,0.0,0.0,0.0,0.0,0.0,Open,-0.1865709628870011
17:22,0.0,0.0,0.0,0.0,0.0,0.0,Open,-0.38148893523627087
17:23,0.0,0.0,0.0,0.0,0.0,0.0,Open,-0.15070999757048373
17:24,0.0,0.0,0.0,0.0,0.0,0.0,Open,-0.22122449050567822
17:25,0.0,0.0,0.0,0.0,0.0,0.0,Open,-0.2066862718965754
17:26,0.0,0.0,0.0,0.0,0.0,0.0,Open,-0.0867601650355771
17:27,0.0,0.0,0.0,0.0,0.0,0.0,Open,-0.39477498281775597
17:28,0.0,0.0,0.0,0.0,0.0,0.0,Open,-0.5039287919190235
17:29,0.0,0.0,0.0,0.0,0.0,0.0,Open,0.2465754947166344
17:30,0.0,0.0,0.0,0.0,0.0,0.0,Open,-0.34764579619171015
17:31,0.0,0.0,0.0,0.0,0.0,0.0,Open,0.31953747987672576
17:32,0.0,0.0,0.0,0.0,0.0,0.0,Open,-0.42692926949156207
17:33,0.0,0.0,0.0,0.0,0.0,0.0,Open,-0.4343684297057485
17:34,0.0,0.0,0.0,0.0,0.0,0.0,Open,0.24537761530761373
17:35,0.0,0.0,0.0,0.0,0.0,0.0,Open,0.3302473516486136
17:36,0.0,0.0,0.0,0.0,0.0,0.0,Open,-0.26013472768688223
17:37,0.0,0.0,0.0,0.0,0.0,0.0,Open,-0.15825624693505125
17:38,0.0,0.0,0.0,0.0,0.0,0.0,Open,-0.2979433546829733
17:39,0.0,0.0,0.0,0.0,0.0,0.0,Open,-0.24298254413347756
17:40,0.0,0.0,0.0,0.0,0.0,0.0,Open,0.05772754062763863
17:41,0.0,0.0,0.0,0.0,0.0,0.0,Open,-0.11877732045821138
17:42,0.0,0.0,0.0,0.0,0.0,0.0,Open,0.35696061696287856
17:43,0.0,0.0,0.0,0.0,0.0,0.0,Open,-0.021892474997631178
17:44,0.0,0.0,0.0,0.0,0.0,0.0,Open,0.28749331314687276
17:45,0.0,0.0,0.0,0.0,0.0,0.0,Open,0.03792661988865174
17:46,0.0,0.0,0.0,0.0,0.0,0.0,Open,0.436059422718531
17:47,0.0,0.0,0.0,0.0,0.0,0.0,Open,-0.4781104747047859
17:48,0.0,0.0,0.0,0.0,0.0,0.0,Open,-0.15940919100541692
17:49,0.0,0.0,0.0,0.0,0.0,0.0,Open,-0.24986257223366762
17:50,0.0,0.0,0.0,0.0,0.0,0.0,Open,-0.265558631278042
17:51,0.0,0.0,0.0,0.0,0.0,0.0,Open,0.012903374177000153
17:52,0.0,0.0,0.0,0.0,0.0,0.0,Open,-0.08645438556708383
17:53,0.0,0.0,0.0,0.0,0.0,0.0,Open,0.3925057054000862
17:54,0.0,0.0,0.0,0.0,0.0,0.0,Open,-0.21315082742866387
17:55,0.0,0.0,0.0,0.0,0.0,0.0,Open,-0.3031872898837624
17:56,0.0,0.0,0.0,0.0,0.0,0.0,Open,-0.006592603734758988
17:57,0.0,0.0,0.0,0.0,0.0,0.0,Open,0.12904579903717953
17:58,0.0,0.0,0.0,0.0,0.0,0.0,Open,0.0846692130979226
17:59,0.0,0.0,0.0,0.0,0.0,0.0,Open,-0.07723315735124743
18:00,0.0,0.0,0.0,0.0,0.0,0.0,Open,-0.11383947558908675
18:01,0.0,0.0,0.0,0.0,0.0,0.0,Open,-0.449473389357962
18:02,0.0,0.0,0.0,0.0,0.0,0.0,Open,0.18875577363391577
18:03,0.0,0.0,0.0,0.0,0.0,0.0,Open,-0.33459359139814493
18:04,0.0,0.0,0.0,0.0,0.0,0.0,Open,0.13653369091853887
18:05,0.0,0.0,0.0,0.0,0.0,0.0,Open,-0.25799499342036736
18:06,0.0,0.0,0.0,0.0,0.0,0.0,Open,0.21055641124587127
18:07,0.0,0.0,0.0,0.0,0.0,0.0,Open,-0.34043762563919044
18:08,0.0,0.0,0.0,0.0,0.0,0.0,Open,0.28369599660357625
18:09,0.0,0.0,0.0,0.0,0.0,0.0,Open,-0.1014252770164015
18:10,0.0,0.0,0.0,0.0,0.0,0.0,Open,-0.583150763257785
18:11,0.0,0.0,0.0,0.0,0.0,0.0,Open,0.1057278267845881
18:12,0.0,0.0,0.0,0.0,0.0,0.0,Open,-0.06240872189690266
18:13,0.0,0.0,0.0,0.0,0.0,0.0,Open,-0.4288166184135389
18:14,0.0,0.0,0.0,0.0,0.0,0.0,Open,-0.5268166429788721
18:15,0.0,0.0,0.0,0.0,0.0,0.0,Open,0.09170243432894444
18:16,0.0,0.0,0.0,0.0,0.0,0.0,Open,-0.026725170530189985
18:17,0.0,0.0,0.0,0.0,0.0,0.0,Open,-0.008371457418875116
18:18,0.0,0.0,0.0,0.0,0.0,0.0,Open,0.15606059314568632
18:19,0.0,0.0,0.0,0.0,0.0,0.0,Open,-0.09896124282420174
18:20,0.0,0.0,0.0,0.0,0.0,0.0,Open,-0.43174174643083385
18:21,0.0,0.0,0.0,0.0,0.0,0.0,Open,-0.09314609620918576
18:22,0.0,0.0,0.0,0.0,0.0,0.0,Open,0.061028399002362024
18:23,0.0,0.0,0.0,0.0,0.0,0.0,Open,-0.5830638168505087
18:24,0.0,0.0,0.0,0.0,0.0,0.0,Open,0.10293326651858525
18:25,0.0,0.0,0.0,0.0,0.0,0.0,Open,0.5434383202336659
18:26,0.0,0.0,0.0,0.0,0.0,0.0,Open,0.032634213162469
18:27,0.0,0.0,0.0,0.0,0.0,0.0,Open,0.4452516675495332
18:28,0.0,0.0,0.0,0.0,0.0,0.0,Open,0.15669474219014193
18:29,0.0,0.0,0.0,0.0,0.0,0.0,Open,0.15636467521023784
18:30,0.0,0.0,0.0,0.0,0.0,0.0,Open,0.0011330162624809163
18:31,0.0,0.0,0.0,0.0,0.0,0.0,Open,0.022237753812250818
18:32,0.0,0.0,0.0,0.0,0.0,0.0,Open,-0.0005657466266076104
18:33,0.0,0.0,0.0,0.0,0.0,0.0,Open,0.22986522169162066
18:34,0.0,0.0,0.0,0.0,0.0,0.0,Open,0.14029398775662213
18:35,0.0,0.0,0.0,0.0,0.0,0.0,Open,-0.76021281114229
18:36,0.0,0.0,0.0,0.0,0.0,0.0,Open,-0.09982140082002688
18:37,0.0,0.0,0.0,0.0,0.0,0.0,Open,0.37814829694777485
18:38,0.0,0.0,0.0,0.0,0.0,0.0,Open,-0.37045254412913686
18:39,0.0,0.0,0.0,0.0,0.0,0.0,Open,0.08387426264445613
18:40,0.0,0.0,0.0,0.0,0.0,0.0,Open,0.5326680759501723
18:41,0.0,0.0,0.0,0.0,0.0,0.0,Open,-0.1797678669959025
18:42,0.0,0.0,0.0,0.0,0.0,0.0,Open,-0.033055319911503206
18:43,0.0,0.0,0.0,0.0,0.0,0.0,Open,0.05941660836112581
18:44,0.0,0.0,0.0,0.0,0.0,0.0,Open,-0.031075146054751007
18:45,0.0,0.0,0.0,0.0,0.0,0.0,Open,0.30121050084574497
18:46,0.0,0.0,0.0,0.0,0.0,0.0,Open,-0.17856750852045714
18:47,0.0,0.0,0.0,0.0,0.0,0.0,Open,0.39946120207324026
18:48,0.0,0.0,0.0,0.0,0.0,0.0,Open,0.018954923301853374
18:49,0.0,0.0,0.0,0.0,0.0,0.0,Open,0.419328364263721
18:50,0.0,0.0,0.0,0.0,0.0,0.0,Open,0.15812031303508328
18:51,0.0,0.0,0.0,0.0,0.0,0.0,Open,0.4374900241483057
18:52,0.0,0.0,0.0,0.0,0.0,0.0,Open,-0.15917551013333447
18:53,0.0,0.0,0.0,0.0,0.0,0.0,Open,0.06461766286079265
18:54,0.0,0.0,0.0,0.0,0.0,0.0,Open,0.01755392010800923
18:55,0.0,0.0,0.0,0.0,0.0,0.0,Open,-0.3771683408623903
18:56,0.0,0.0,0.0,0.0,0.0,0.0,Open,0.27688337601411817
18:57,0.0,0.0,0.0,0.0,0.0,0.0,Open,0.5080013697787112
18:58,0.0,0.0,0.0,0.0,0.0,0.0,Open,-0.24979673121659116
18:59,0.0,0.0,0.0,0.0,0.0,0.0,Open,-0.19709152213996667
19:00,0.0,0.0,0.0,0.0,0.0,0.0,Open,0.07721655252425144
19:01,0.0,0.0,0.0,0.0,0.0,0.0,Open,-0.34633887850922873
19:02,0.0,0.0,0.0,0.0,0.0,0.0,Open,-0.17866700303784958
19:03,0.0,0.0,0.0,0.0,0.0,0.0,Open,0.6198221340930171
19:04,0.0,0.0,0.0,0.0,0.0,0.0,Open,0.7565142762403129
19:05,0.0,0.0,0.0,0.0,0.0,0.0,Open,0.044915185049037666
19:06,0.0,0.0,0.0,0.0,0.0,0.0,Open,-0.24401463144911
19:07,0.0,0.0,0.0,0.0,0.0,0.0,Open,0.05714548510770207
19:08,0.0,0.0,0.0,0.0,0.0,0.0,Open,-0.078105843582108
19:09,0.0,0.0,0.0,0.0,0.0,0.0,Open,-0.07747544976108257
19:10,0.0,0.0,0.0,0.0,0.0,0.0,Open,0.0017705814109497515
19:11,0.0,0.0,0.0,0.0,0.0,0.0,Open,-0.5073907822582276
19:12,0.0,0.0,0.0,0.0,0.0,0.0,Open,-0.2946686388771696
19:13,0.0,0.0,0.0,0.0,0.0,0.0,Open,-0.17330017778271012
19:14,0.0,0.0,0.0,0.0,0.0,0.0,Open,-0.10830701043043127
19:15,0.0,0.0,0.0,0.0,0.0,0.0,Open,0.3085220005625152
19:16,0.0,0.0,0.0,0.0,0.0,0.0,Open,0.37841126315412976
19:17,0.0,0.0,0.0,0.0,0.0,0.0,Open,-0.04114319145179566
19:18,0.0,0.0,0.0,0.0,0.0,0.0,Open,0.31667457941308197
19:19,0.0,0.0,0.0,0.0,0.0,0.0,Open,0.2986347230207508
19:20,0.0,0.0,0.0,0.0,0.0,0.0,Open,-0.8044025028863215
19:21,0.0,0.0,0.0,0.0,0.0,0.0,Open,0.05583101707937467
19:22,0.0,0.0,0.0,0.0,0.0,0.0,Open,-0.35454535437326046
19:23,0.0,0.0,0.0,0.0,0.0,0.0,Open,0.06033662406735849
19:24,0.0,0.0,0.0,0.0,0.0,0.0,Open,-0.08872063658450366
19:25,0.0,0.0,0.0,0.0,0.0,0.0,Open,0.37240805454283205
19:26,0.0,0.0,0.0,0.0,0.0,0.0,Open,-0.14066781155764688
19:27,0.0,0.0,0.0,0.0,0.0,0.0,Open,0.08307261252440938
19:28,0.0,0.0,0.0,0.0,0.0,0.0,Open,0.2525498615662656
19:29,0.0,0.0,0.0,0.0,0.0,0.0,Open,-0.4101158093815832
19:30,0.0,0.0,0.0,0.0,0.0,0.0,Open,-0.11682612548841659
19:31,0.0,0.0,0.0,0.0,0.0,0.0,Open,-0.43824595591940607
19:32,0.0,0.0,0.0,0.0,0.0,0.0,Open,-0.07193154293930551
19:33,0.0,0.0,0.0,0.0,0.0,0.0,Open,0.09802418809934053
19:34,0.0,0.0,0.0,0.0,0.0,0.0,Open,0.11482592039215275
19:35,0.0,0.0,0.0,0.0,0.0,0.0,Open,0.06253221794796666
19:36,0.0,0.0,0.0,0.0,0.0,0.0,Open,0.06586449063286794
19:37,0.0,0.0,0.0,0.0,0.0,0.0,Open,-0.3347609809912999
19:38,0.0,0.0,0.0,0.0,0.0,0.0,Open,-0.2011080996490309
19:39,0.0,0.0,0.0,0.0,0.0,0.0,Open,0.029936149456979217
19:40,0.0,0.0,0.0,0.0,0.0,0.0,Open,0.4843139920067479
19:41,0.0,0.0,0.0,0.0,0.0,0.0,Open,0.22108129975105362
19:42,0.0,0.0,0.0,0.0,0.0,0.0,Open,0.07784528360388868
19:43,0.0,0.0,0.0,0.0,0.0,0.0,Open,-0.14301465874896377
19:44,0.0,0.0,0.0,0.0,0.0,0.0,Open,-0.33472497310548704
19:45,0.0,0.0,0.0,0.0,0.0,0.0,Open,0.1407405986282229
19:46,0.0,0.0,0.0,0.0,0.0,0.0,Open,0.023724745881034695
19:47,0.0,0.0,0.0,0.0,0.0,0.0,Open,-0.17871649175412538
19:48,0.0,0.0,0.0,0.0,0.0,0.0,Open,0.01018651546067791
19:49,0.0,0.0,0.0,0.0,0.0,0.0,Open,-0.06810315609527906
19:50,0.0,0.0,0.0,0.0,0.0,0.0,Open,-0.0777274151216656
19:51,0.0,0.0,0.0,0.0,0.0,0.0,Open,-0.47143110154463547
19:52,0.0,0.0,0.0,0.0,0.0,0.0,Open,0.18033820899311712
19:53,0.0,0.0,0.0,0.0,0.0,0.0,Open,-0.3187498074705925
19:54,0.0,0.0,0.0,0.0,0.0,0.0,Open,0.5383370242510684
19:55,0.0,0.0,0.0,0.0,0.0,0.0,Open,0.0943515357244425
19:56,0.0,0.0,0.0,0.0,0.0,0.0,Open,-0.052448047811713534
19:57,0.0,0.0,0.0,0.0,0.0,0.0,Open,0.33490025985629535
19:58,0.0,0.0,0.0,0.0,0.0,0.0,Open,0.23855946375748882
19:59,0.0,0.0,0.0,0.0,0.0,0.0,Open,0.1097556744642347
20:00,0.0,0.0,0.0,0.0,0.0,0.0,Open,0.5315075055163457
20:01,0.0,0.0,0.0,0.0,0.0,0.0,Open,0.23386981076050598
20:02,0.0,0.0,0.0,0.0,0.0,0.0,Open,0.39912815296640575
20:03,0.0,0.0,0.0,0.0,0.0,0.0,Open,-0.4311409196018615
20:04,0.0,0.0,0.0,0.0,0.0,0.0,Open,0.23885582446681755
20:05,0.0,0.0,0.0,0.0,0.0,0.0,Open,-0.5178576573198166
20:06,0.0,0.0,0.0,0.0,0.0,0.0,Open,0.14842974517272853
20:07,0.0,0.0,0.0,0.0,0.0,0.0,Open,0.08360453652589551
20:08,0.0,0.0,0.0,0.0,0.0,0.0,Open,0.6203483419170688
20:09,0.0,0.0,0.0,0.0,0.0,0.0,Open,-0.1511256519301393
20:10,0.0,0.0,0.0,0.0,0.0,0.0,Open,-0.021272489702125235
20:11,0.0,0.0,0.0,0.0,0.0,0.0,Open,0.06531773762771007
20:12,0.0,0.0,0.0,0.0,0.0,0.0,Open,-0.19026025005127256
20:13,0.0,0.0,0.0,0.0,0.0,0.0,Open,-0.6578739463932209
20:14,0.0,0.0,0.0,0.0,0.0,0.0,Open,-0.22233962732575918
20:15,0.0,0.0,0.0,0.0,0.0,0.0,Open,-0.3223991069887826
20:16,0.0,0.0,0.0,0.0,0.0,0.0,Open,-0.4761507410597871
20:17,0.0,0.0,0.0,0.0,0.0,0.0,Open,-0.5688617330542994
20:18,0.0,0.0,0.0,0.0,0.0,0.0,Open,0.35163390845906056
20:19,0.0,0.0,0.0,0.0,0.0,0.0,Open,-0.13086507275169248
20:20,0.0,0.0,0.0,0.0,0.0,0.0,Open,-0.09816306181445542
20:21,0.0,0.0,0.0,0.0,0.0,0.0,Open,0.1204141009866202
20:22,0.0,0.0,0.0,0.0,0.0,0.0,Open,-0.08008436342137139
20:23,0.0,0.0,0.0,0.0,0.0,0.0,Open,0.1282739857985599
20:24,0.0,0.0,0.0,0.0,0.0,0.0,Open,-0.2646863183590048
20:25,0.0,0.0,0.0,0.0,0.0,0.0,Open,-0.6264583730361699
20:26,0.0,0.0,0.0,0.0,0.0,0.0,Open,0.34844115623252087
20:27,0.0,0.0,0.0,0.0,0.0,0.0,Open,-0.024830328839779505
20:28,0.0,0.0,0.0,0.0,0.0,0.0,Open,-0.2252825952076628
20:29,0.0,0.0,0.0,0.0,0.0,0.0,Open,-0.4476448193246135
20:30,0.0,0.0,0.0,0.0,0.0,0.0,Open,-0.08026117830095966
20:31,0.0,0.0,0.0,0.0,0.0,0.0,Open,0.06525444123719619
20:32,0.0,0.0,0.0,0.0,0.0,0.0,Open,-0.2568808263947602
20:33,0.0,0.0,0.0,0.0,0.0,0.0,Open,-0.20517152896317892
20:34,0.0,0.0,0.0,0.0,0.0,0.0,Open,-0.2627197825184497
20:35,0.0,0.0,0.0,0.0,0.0,0.0,Open,0.2758132006121362
20:36,0.0,0.0,0.0,0.0,0.0,0.0,Open,-0.26850382914349985
20:37,0.0,0.0,0.0,0.0,0.0,0.0,Open,-0.7136713325463758
20:38,0.0,0.0,0.0,0.0,0.0,0.0,Open,0.8011692136743294
20:39,0.0,0.0,0.0,0.0,0.0,0.0,Open,0.7028774358146561
20:40,0.0,0.0,0.0,0.0,0.0,0.0,Open,-0.18699909707090678
20:41,0.0,0.0,0.0,0.0,0.0,0.0,Open,-0.10450668924426666
20:42,0.0,0.0,0.0,0.0,0.0,0.0,Open,-0.45491663604295685
20:43,0.0,0.0,0.0,0.0,0.0,0.0,Open,-0.3140751490031531
20:44,0.0,0.0,0.0,0.0,0.0,0.0,Open,0.15703351273895527
20:45,0.0,0.0,0.0,0.0,0.0,0.0,Open,0.08403063691362526
20:46,0.0,0.0,0.0,0.0,0.0,0.0,Open,-0.3795069431750132
20:47,0.0,0.0,0.0,0.0,0.0,0.0,Open,-0.3806038614984217
20:48,0.0,0.0,0.0,0.0,0.0,0.0,Open,0.07541057624798772
20:49,0.0,0.0,0.0,0.0,0.0,0.0,Open,-0.13598209948578419
20:50,0.0,0.0,0.0,0.0,0.0,0.0,Open,-0.2919713749371441
20:51,0.0,0.0,0.0,0.0,0.0,0.0,Open,0.17210413232653385
20:52,0.0,0.0,0.0,0.0,0.0,0.0,Open,0.24958145229786044
20:53,0.0,0.0,0.0,0.0,0.0,0.0,Open,0.15791616354521493
20:54,0.0,0.0,0.0,0.0,0.0,0.0,Open,-0.08718673977666645
20:55,0.0,0.0,0.0,0.0,0.0,0.0,Open,0.00554600888871818
20:56,0.0,0.0,0.0,0.0,0.0,0.0,Open,-0.06373290514410135
20:57,0.0,0.0,0.0,0.0,0.0,0.0,Open,0.10307674617541854
20:58,0.0,0.0,0.0,0.0,0.0,0.0,Open,-0.19273710561152474
20:59,0.0,0.0,0.0,0.0,0.0,0.0,Open,-0.11033512232363021
21:00,0.0,0.0,0.0,0.0,0.0,0.0,Open,-0.2545506578837341
21:01,0.0,0.0,0.0,0.0,0.0,0.0,Open,0.29638434916444745
21:02,0.0,0.0,0.0,0.0,0.0,0.0,Open,0.12761672978333474
21:03,0.0,0.0,0.0,0.0,0.0,0.0,Open,-0.22419686642264802
21:04,0.0,0.0,0.0,0.0,0.0,0.0,Open,0.005442990483301907
21:05,0.0,0.0,0.0,0.0,0.0,0.0,Open,-0.6454660801908949
21:06,0.0,0.0,0.0,0.0,0.0,0.0,Open,0.234025522589685
21:07,0.0,0.0,0.0,0.0,0.0,0.0,Open,-0.10634779556702335
21:08,0.0,0.0,0.0,0.0,0.0,0.0,Open,-0.1983982117777695
21:09,0.0,0.0,0.0,0.0,0.0,0.0,Open,-0.22212107433980732
21:10,0.0,0.0,0.0,0.0,0.0,0.0,Open,0.09178238136789917
21:11,0.0,0.0,0.0,0.0,0.0,0.0,Open,-0.04907344721394107
21:12,0.0,0.0,0.0,0.0,0.0,0.0,Open,-0.08536292265916227
21:13,0.0,0.0,0.0,0.0,0.0,0.0,Open,0.034603848215434024
21:14,0.0,0.0,0.0,0.0,0.0,0.0,Open,0.07588633024514366
21:15,0.0,0.0,0.0,0.0,0.0,0.0,Open,-0.0462563807874875
21:16,0.0,0.0,0.0,0.0,0.0,0.0,Open,-0.06804996213657759
21:17,0.0,0.0,0.0,0.0,0.0,0.0,Open,-0.2604085535579063
21:18,0.0,0.0,0.0,0.0,0.0,0.0,Open,-0.36908007749786786
21:19,0.0,0.0,0.0,0.0,0.0,0.0,Open,-0.4967869546716728
21:20,0.0,0.0,0.0,0.0,0.0,0.0,Open,0.30118214784750624
21:21,0.0,0.0,0.0,0.0,0.0,0.0,Open,-0.24592526235125794
21:22,0.0,0.0,0.0,0.0,0.0,0.0,Open,0.1460419726486984
21:23,0.0,0.0,0.0,0.0,0.0,0.0,Open,0.14766808518272878
21:24,0.0,0.0,0.0,0.0,0.0,0.0,Open,-0.4826772980095212
21:25,0.0,0.0,0.0,0.0,0.0,0.0,Open,-0.2370969383286922
21:26,0.0,0.0,0.0,0.0,0.0,0.0,Open,-0.2963690702644642
21:27,0.0,0.0,0.0,0.0,0.0,0.0,Open,0.11371169772251155
21:28,0.0,0.0,0.0,0.0,0.0,0.0,Open,-0.12622133011361564
21:29,0.0,0.0,0.0,0.0,0.0,0.0,Open,0.1929759020382154
21:30,0.0,0.0,0.0,0.0,0.0,0.0,Open,0.4352321710156025
21:31,0.0,0.0,0.0,0.0,0.0,0.0,Open,-0.5396359370092715
21:32,0.0,0.0,0.0,0.0,0.0,0.0,Open,-0.7022379738050406
21:33,0.0,0.0,0.0,0.0,0.0,0.0,Open,0.31958893870886723
21:34,0.0,0.0,0.0,0.0,0.0,0.0,Open,0.06775104511629162
21:35,0.0,0.0,0.0,0.0,0.0,0.0,Open,-0.3452394906161679
21:36,0.0,0.0,0.0,0.0,0.0,0.0,Open,-0.19331092567882474
21:37,0.0,0.0,0.0,0.0,0.0,0.0,Open,-0.2928140682721591
21:38,0.0,0.0,0.0,0.0,0.0,0.0,Open,0.49588285420234196
21:39,0.0,0.0,0.0,0.0,0.0,0.0,Open,-0.12372923513827808
21:40,0.0,0.0,0.0,0.0,0.0,0.0,Open,-0.6050290628702856
21:41,0.0,0.0,0.0,0.0,0.0,0.0,Open,0.22449571415979055
21:42,0.0,0.0,0.0,0.0,0.0,0.0,Open,-0.07372838503586408
21:43,0.0,0.0,0.0,0.0,0.0,0.0,Open,0.44032265951360505
21:44,0.0,0.0,0.0,0.0,0.0,0.0,Open,0.18537005295383394
21:45,0.0,0.0,0.0,0.0,0.0,0.0,Open,-0.9111077280090225
21:46,0.0,0.0,0.0,0.0,0.0,0.0,Open,-0.023120159746279074
21:47,0.0,0.0,0.0,0.0,0.0,0.0,Open,0.4041417885549161
21:48,0.0,0.0,0.0,0.0,0.0,0.0,Open,0.423810080725164
21:49,0.0,0.0,0.0,0.0,0.0,0.0,Open,0.022201177445692073
21:50,0.0,0.0,0.0,0.0,0.0,0.0,Open,-0.07581621746529296
21:51,0.0,0.0,0.0,0.0,0.0,0.0,Open,-0.2242125854546751
21:52,0.0,0.0,0.0,0.0,0.0,0.0,Open,0.35626402028105364
21:53,0.0,0.0,0.0,0.0,0.0,0.0,Open,0.11770556312797155
21:54,0.0,0.0,0.0,0.0,0.0,0.0,Open,-0.13849691803036981
21:55,0.0,0.0,0.0,0.0,0.0,0.0,Open,-0.1809596320218221
21:56,0.0,0.0,0.0,0.0,0.0,0.0,Open,0.2615867726205427
21:57,0.0,0.0,0.0,0.0,0.0,0.0,Open,-0.2888263496804881
21:58,0.0,0.0,0.0,0.0,0.0,0.0,Open,0.5335556720581865
21:59,0.0,0.0,0.0,0.0,0.0,0.0,Open,0.31016087381010526
22:00,0.0,0.0,0.0,0.0,0.0,0.0,Open,0.10444199025446006
22:01,0.0,0.0,0.0,0.0,0.0,0.0,Open,0.04846146470577388
22:02,0.0,0.0,0.0,0.0,0.0,0.0,Open,0.04827721623770552
22:03,0.0,0.0,0.0,0.0,0.0,0.0,Open,-0.27433010644993877
22:04,0.0,0.0,0.0,0.0,0.0,0.0,Open,-0.192495354860823
22:05,0.0,0.0,0.0,0.0,0.0,0.0,Open,-0.38761413433710634
22:06,0.0,0.0,0.0,0.0,0.0,0.0,Open,0.4057998899556858
22:07,0.0,0.0,0.0,0.0,0.0,0.0,Open,-0.26572834862835965
22:08,0.0,0.0,0.0,0.0,0.0,0.0,Open,-0.2954126089269794
22:09,0.0,0.0,0.0,0.0,0.0,0.0,Open,-0.07938465914820025
22:10,0.0,0.0,0.0,0.0,0.0,0.0,Open,-0.34997941823505174
22:11,0.0,0.0,0.0,0.0,0.0,0.0,Open,0.22679364711276054
22:12,0.0,0.0,0.0,0.0,0.0,0.0,Open,-0.3073629106601696
22:13,0.0,0.0,0.0,0.0,0.0,0.0,Open,-0.7309907015691895
22:14,0.0,0.0,0.0,0.0,0.0,0.0,Open,-0.4481831503380366
22:15,0.0,0.0,0.0,0.0,0.0,0.0,Open,-0.10473566267874836
22:16,0.0,0.0,0.0,0.0,0.0,0.0,Open,0.22852583935810195
22:17,0.0,0.0,0.0,0.0,0.0,0.0,Open,0.013594192689957678
22:18,0.0,0.0,0.0,0.0,0.0,0.0,Open,-0.32605931412597283
22:19,0.0,0.0,0.0,0.0,0.0,0.0,Open,-0.060849962695779004
22:20,0.0,0.0,0.0,0.0,0.0,0.0,Open,0.29731561255631894
22:21,0.0,0.0,0.0,0.0,0.0,0.0,Open,-0.5267672359880201
22:22,0.0,0.0,0.0,0.0,0.0,0.0,Open,0.48331360951915325
22:23,0.0,0.0,0.0,0.0,0.0,0.0,Open,-0.00040887170454232194
22:24,0.0,0.0,0.0,0.0,0.0,0.0,Open,0.18822234692103157
22:25,0.0,0.0,0.0,0.0,0.0,0.0,Open,-0.10200991988034014
22:26,0.0,0.0,0.0,0.0,0.0,0.0,Open,-0.04847881419678524
22:27,0.0,0.0,0.0,0.0,0.0,0.0,Open,-0.3637564998156243
22:28,0.0,0.0,0.0,0.0,0.0,0.0,Open,0.14930819452180297
22:29,0.0,0.0,0.0,0.0,0.0,0.0,Open,0.05685596741004096
22:30,0.0,0.0,0.0,0.0,0.0,0.0,Open,0.3447026481291454
22:31,0.0,0.0,0.0,0.0,0.0,0.0,Open,0.09193881665097406
22:32,0.0,0.0,0.0,0.0,0.0,0.0,Open,-0.2632791194594875
22:33,0.0,0.0,0.0,0.0,0.0,0.0,Open,-0.010320718347007537
22:34,0.0,0.0,0.0,0.0,0.0,0.0,Open,0.29400586229928183
22:35,0.0,0.0,0.0,0.0,0.0,0.0,Open,-0.05727077179425948
22:36,0.0,0.0,0.0,0.0,0.0,0.0,Open,0.04501910266801734
22:37,0.0,0.0,0.0,0.0,0.0,0.0,Open,-0.3717316117495478
22:38,0.0,0.0,0.0,0.0,0.0,0.0,Open,0.5003257223220365
22:39,0.0,0.0,0.0,0.0,0.0,0.0,Open,0.0516179419814615
22:40,0.0,0.0,0.0,0.0,0.0,0.0,Open,-0.15831933692098432
22:41,0.0,0.0,0.0,0.0,0.0,0.0,Open,0.12313911313974171
22:42,0.0,0.0,0.0,0.0,0.0,0.0,Open,-0.4055923496823021
22:43,0.0,0.0,0.0,0.0,0.0,0.0,Open,-0.06823583492452429
22:44,0.0,0.0,0.0,0.0,0.0,0.0,Open,-0.7014622213837575
22:45,0.0,0.0,0.0,0.0,0.0,0.0,Open,-0.047362378474088467
22:46,0.0,0.0,0.0,0.0,0.0,0.0,Open,-0.8225786472811737
22:47,0.0,0.0,0.0,0.0,0.0,0.0,Open,0.2444549534554423
22:48,0.0,0.0,0.0,0.0,0.0,0.0,Open,0.03954677778360627
22:49,0.0,0.0,0.0,0.0,0.0,0.0,Open,0.1254000286883878
22:50,0.0,0.0,0.0,0.0,0.0,0.0,Open,-0.1268118946855069
22:51,0.0,0.0,0.0,0.0,0.0,0.0,Open,-0.08234884989950302
22:52,0.0,0.0,0.0,0.0,0.0,0.0,Open,0.0008993616147557039
22:53,0.0,0.0,0.0,0.0,0.0,0.0,Open,0.17717728578949593
22:54,0.0,0.0,0.0,0.0,0.0,0.0,Open,0.24863090487081232
22:55,0.0,0.0,0.0,0.0,0.0,0.0,Open,-0.04621703468547665
22:56,0.0,0.0,0.0,0.0,0.0,0.0,Open,0.34107112407363294
22:57,0.0,0.0,0.0,0.0,0.0,0.0,Open,-0.052746245932533214
22:58,0.0,0.0,0.0,0.0,0.0,0.0,Open,0.2763935951594562
22:59,0.0,0.0,0.0,0.0,0.0,0.0,Open,0.07833763204139409
23:00,0.0,0.0,0.0,0.0,0.0,0.0,Open,0.04735313039627957
23:01,0.0,0.0,0.0,0.0,0.0,0.0,Open,0.26830597469197986
23:02,0.0,0.0,0.0,0.0,0.0,0.0,Open,0.06949746141927989
23:03,0.0,0.0,0.0,0.0,0.0,0.0,Open,-0.26677374166864243
23:04,0.0,0.0,0.0,0.0,0.0,0.0,Open,-0.009253254145445082
23:05,0.0,0.0,0.0,0.0,0.0,0.0,Open,0.11632720092280285
23:06,0.0,0.0,0.0,0.0,0.0,0.0,Open,-0.18976187855205343
23:07,0.0,0.0,0.0,0.0,0.0,0.0,Open,-0.37548856825692306
23:08,0.0,0.0,0.0,0.0,0.0,0.0,Open,-0.34903852601488095
23:09,0.0,0.0,0.0,0.0,0.0,0.0,Open,0.5539377141261007
23:10,0.0,0.0,0.0,0.0,0.0,0.0,Open,-0.050672870149738675
23:11,0.0,0.0,0.0,0.0,0.0,0.0,Open,0.3367647571289361
23:12,0.0,0.0,0.0,0.0,0.0,0.0,Open,-0.035964390664638524
23:13,0.0,0.0,0.0,0.0,0.0,0.0,Open,-0.29301149393374093
23:14,0.0,0.0,0.0,0.0,0.0,0.0,Open,-0.1741433099384582
23:15,0.0,0.0,0.0,0.0,0.0,0.0,Open,-0.3303760003546504
23:16,0.0,0.0,0.0,0.0,0.0,0.0,Open,-0.03732363448493639
23:17,0.0,0.0,0.0,0.0,0.0,0.0,Open,0.16944900447487055
23:18,0.0,0.0,0.0,0.0,0.0,0.0,Open,-0.1337575616255155
23:19,0.0,0.0,0.0,0.0,0.0,0.0,Open,0.5992557774732834
23:20,0.0,0.0,0.0,0.0,0.0,0.0,Open,0.548185124168178
23:21,0.0,0.0,0.0,0.0,0.0,0.0,Open,0.0532747238669596
23:22,0.0,0.0,0.0,0.0,0.0,0.0,Open,-0.4182689254713462
23:23,0.0,0.0,0.0,0.0,0.0,0.0,Open,0.3822970948467614
23:24,0.0,0.0,0.0,0.0,0.0,0.0,Open,0.34580687557798745
23:25,0.0,0.0,0.0,0.0,0.0,0.0,Open,0.47721306840531125
23:26,0.0,0.0,0.0,0.0,0.0,0.0,Open,-0.21818848804119978
23:27,0.0,0.0,0.0,0.0,0.0,0.0,Open,-0.22784271375528148
23:28,0.0,0.0,0.0,0.0,0.0,0.0,Open,0.0648446998251274
23:29,0.0,0.0,0.0,0.0,0.0,0.0,Open,0.39892776187108026
23:30,0.0,0.0,0.0,0.0,0.0,0.0,Open,-0.4190517000194475
23:31,0.0,0.0,0.0,0.0,0.0,0.0,Open,0.19719349253930474
23:32,0.0,0.0,0.0,0.0,0.0,0.0,Open,-0.2331576194631157
23:33,0.0,0.0,0.0,0.0,0.0,0.0,Open,-0.429867730648599
23:34,0.0,0.0,0.0,0.0,0.0,0.0,Open,0.4719112166727213
23:35,0.0,0.0,0.0,0.0,0.0,0.0,Open,0.1032671102832536
23:36,0.0,0.0,0.0,0.0,0.0,0.0,Open,0.0015159270261221904
23:37,0.0,0.0,0.0,0.0,0.0,0.0,Open,-0.015335694768401254
23:38,0.0,0.0,0.0,0.0,0.0,0.0,Open,0.3342966107884292
23:39,0.0,0.0,0.0,0.0,0.0,0.0,Open,-0.024309180957149106
23:40,0.0,0.0,0.0,0.0,0.0,0.0,Open,-0.03549953292418573
23:41,0.0,0.0,0.0,0.0,0.0,0.0,Open,-0.1440086231869544
23:42,0.0,0.0,0.0,0.0,0.0,0.0,Open,0.03633388427899623
23:43,0.0,0.0,0.0,0.0,0.0,0.0,Open,0.12485287236689108
23:44,0.0,0.0,0.0,0.0,0.0,0.0,Open,-0.7526790545643626
23:45,0.0,0.0,0.0,0.0,0.0,0.0,Open,-0.05154918946571432
23:46,0.0,0.0,0.0,0.0,0.0,0.0,Open,0.25557509440570925
23:47,0.0,0.0,0.0,0.0,0.0,0.0,Open,0.6609462587840264
23:48,0.0,0.0,0.0,0.0,0.0,0.0,Open,-0.4403670762646052
23:49,0.0,0.0,0.0,0.0,0.0,0.0,Open,0.05561864427827062
23:50,0.0,0.0,0.0,0.0,0.0,0.0,Open,0.09085126206282965
23:51,0.0,0.0,0.0,0.0,0.0,0.0,Open,-0.247361686154147
23:52,0.0,0.0,0.0,0.0,0.0,0.0,Open,0.19293658750507697
23:53,0.0,0.0,0.0,0.0,0.0,0.0,Open,0.00951444430782833
23:54,0.0,0.0,0.0,0.0,0.0,0.0,Open,-0.025910667125754374
23:55,0.0,0.0,0.0,0.0,0.0,0.0,Open,0.1507552242128635
23:56,0.0,0.0,0.0,0.0,0.0,0.0,Open,0.017942573261647193
23:57,0.0,0.0,0.0,0.0,0.0,0.0,Open,-0.18440153621840827
23:58,0.0,0.0,0.0,0.0,0.0,0.0,Open,0.41955317957624993
23:59,0.0,0.0,0.0,0.0,0.0,0.0,Open,0.20319931062537633
24:00,0.0,0.0,0.0,0.0,0.0,0.0,Open,0.4750841429183213
