Time (Hours),Flow(GPM),Velocity(fps),Headloss(ft/Kft),Friction factor,Reaction f,Quality,Status,Noisy_Velocity
0:00,-891.86,2.53,3.33,0.034,0.0,0.0,Open,2.903126905787534
0:01,-888.93,2.52,3.31,0.034,0.0,0.0,Open,2.710138246627877
0:02,-886.01,2.51,3.29,0.034,0.0,0.0,Open,2.1722828418960436
0:03,-883.08,2.51,3.27,0.034,0.0,0.0,Open,2.58380590783191
0:04,-880.16,2.5,3.25,0.034,0.0,0.0,Open,2.302159598966281
0:05,-877.24,2.49,3.23,0.034,0.0,0.0,Open,2.229556311710081
0:06,-874.32,2.48,3.21,0.034,0.0,0.0,Open,2.431926272359307
0:07,-871.4,2.47,3.19,0.034,0.0,0.0,Open,2.7005259700232904
0:08,-868.48,2.46,3.17,0.034,0.0,0.0,Open,2.279927612541352
0:09,-865.56,2.46,3.15,0.034,0.0,0.0,Open,2.4670077032002196
0:10,-862.65,2.45,3.13,0.034,0.0,0.0,Open,2.135931143523704
0:11,-859.73,2.44,3.11,0.034,0.0,0.0,Open,1.707413738869771
0:12,-856.82,2.43,3.09,0.034,0.0,0.0,Open,2.2428311098301084
0:13,-853.91,2.42,3.08,0.034,0.0,0.0,Open,2.1054589059257838
0:14,-851.0,2.41,3.06,0.034,0.0,0.0,Open,2.1540629145751264
0:15,-848.09,2.41,3.04,0.034,0.0,0.0,Open,2.0353018664381923
0:16,-845.18,2.4,3.02,0.034,0.0,0.0,Open,2.217360744968782
0:17,-842.28,2.39,3.0,0.034,0.0,0.0,Open,2.0879372621516126
0:18,-839.38,2.38,2.98,0.034,0.0,0.0,Open,1.7210660094814085
0:19,-836.47,2.37,2.96,0.034,0.0,0.0,Open,2.1610986657254068
0:20,-833.57,2.36,2.94,0.034,0.0,0.0,Open,2.399335644311704
0:21,-830.67,2.36,2.92,0.034,0.0,0.0,Open,1.817267426779611
0:22,-827.77,2.35,2.9,0.034,0.0,0.0,Open,1.8279602418355303
0:23,-824.88,2.34,2.88,0.034,0.0,0.0,Open,2.690839026333511
0:24,-821.98,2.33,2.87,0.034,0.0,0.0,Open,1.9749634393074866
0:25,-819.09,2.32,2.85,0.034,0.0,0.0,Open,2.6291298527438896
0:26,-816.2,2.32,2.83,0.034,0.0,0.0,Open,2.1395393227451724
0:27,-813.31,2.31,2.81,0.034,0.0,0.0,Open,2.111967310614428
0:28,-810.42,2.3,2.79,0.034,0.0,0.0,Open,2.4593114238296963
0:29,-807.53,2.29,2.77,0.034,0.0,0.0,Open,2.7974957166806735
0:30,-804.65,2.28,2.75,0.034,0.0,0.0,Open,2.296358757703114
0:31,-801.76,2.27,2.74,0.034,0.0,0.0,Open,2.3314037132021195
0:32,-798.88,2.27,2.72,0.034,0.0,0.0,Open,2.0365076270798115
0:33,-796.0,2.26,2.7,0.034,0.0,0.0,Open,2.240176856241819
0:34,-793.12,2.25,2.68,0.034,0.0,0.0,Open,2.6906103502751813
0:35,-790.24,2.24,2.66,0.034,0.0,0.0,Open,2.0974101960195126
0:36,-787.36,2.23,2.65,0.034,0.0,0.0,Open,1.921757434574007
0:37,-784.49,2.23,2.63,0.034,0.0,0.0,Open,2.5622151570985
0:38,-781.61,2.22,2.61,0.034,0.0,0.0,Open,2.0293088886659194
0:39,-778.74,2.21,2.59,0.034,0.0,0.0,Open,2.495486462708078
0:40,-775.87,2.2,2.58,0.034,0.0,0.0,Open,2.1812279300307336
0:41,-773.0,2.19,2.56,0.034,0.0,0.0,Open,2.1732451428856048
0:42,-770.14,2.18,2.54,0.034,0.0,0.0,Open,2.3768707191040748
0:43,-767.27,2.18,2.52,0.034,0.0,0.0,Open,2.6709365862297614
0:44,-764.41,2.17,2.51,0.034,0.0,0.0,Open,2.2171318153554083
0:45,-761.54,2.16,2.49,0.034,0.0,0.0,Open,1.8699158079707452
0:46,-758.68,2.15,2.47,0.034,0.0,0.0,Open,2.4140236797558052
0:47,-755.82,2.14,2.45,0.034,0.0,0.0,Open,2.153411750057779
0:48,-752.96,2.14,2.44,0.034,0.0,0.0,Open,2.134051566085991
0:49,-750.11,2.13,2.42,0.034,0.0,0.0,Open,2.4653037536862015
0:50,-747.25,2.12,2.4,0.034,0.0,0.0,Open,2.4764544078153246
0:51,-744.4,2.11,2.39,0.034,0.0,0.0,Open,2.0693939581811005
0:52,-741.55,2.1,2.37,0.034,0.0,0.0,Open,1.9095722892813536
0:53,-738.7,2.1,2.35,0.034,0.0,0.0,Open,1.719940236663665
0:54,-735.85,2.09,2.33,0.035,0.0,0.0,Open,2.543255984190294
0:55,-733.0,2.08,2.32,0.035,0.0,0.0,Open,2.039318950092722
0:56,-730.16,2.07,2.3,0.035,0.0,0.0,Open,2.3191513550869005
0:57,-727.31,2.06,2.28,0.035,0.0,0.0,Open,1.9636181319356558
0:58,-724.47,2.06,2.27,0.035,0.0,0.0,Open,2.706427227123707
0:59,-721.63,2.05,2.25,0.035,0.0,0.0,Open,2.274768200789958
1:00,-718.79,2.04,2.24,0.035,0.0,0.0,Open,2.2513035861129453
1:01,-715.96,2.03,2.22,0.035,0.0,0.0,Open,1.9315707811773752
1:02,-713.12,2.02,2.2,0.035,0.0,0.0,Open,1.6575421444783016
1:03,-710.29,2.01,2.19,0.035,0.0,0.0,Open,1.857865138830072
1:04,-707.46,2.01,2.17,0.035,0.0,0.0,Open,2.231108503209546
1:05,-704.63,2.0,2.15,0.035,0.0,0.0,Open,2.448473520131395
1:06,-701.8,1.99,2.14,0.035,0.0,0.0,Open,1.9908228116332298
1:07,-698.97,1.98,2.12,0.035,0.0,0.0,Open,2.0010457157941604
1:08,-696.14,1.97,2.11,0.035,0.0,0.0,Open,2.1355787066243486
1:09,-693.32,1.97,2.09,0.035,0.0,0.0,Open,1.596330588670568
1:10,-690.5,1.96,2.08,0.035,0.0,0.0,Open,1.9881406238883435
1:11,-687.68,1.95,2.06,0.035,0.0,0.0,Open,2.0040887043862674
1:12,-684.86,1.94,2.04,0.035,0.0,0.0,Open,1.7996420805929092
1:13,-682.04,1.93,2.03,0.035,0.0,0.0,Open,1.791286417795033
1:14,-679.23,1.93,2.01,0.035,0.0,0.0,Open,2.262495561626446
1:15,-676.41,1.92,2.0,0.035,0.0,0.0,Open,1.8356158324724805
1:16,-673.6,1.91,1.98,0.035,0.0,0.0,Open,1.5201129221570189
1:17,-670.79,1.9,1.97,0.035,0.0,0.0,Open,1.7293113901293353
1:18,-667.98,1.89,1.95,0.035,0.0,0.0,Open,2.0563981595816014
1:19,-665.18,1.89,1.94,0.035,0.0,0.0,Open,2.048657424194025
1:20,-662.37,1.88,1.92,0.035,0.0,0.0,Open,2.097666620492481
1:21,-659.57,1.87,1.91,0.035,0.0,0.0,Open,1.4856364366053305
1:22,-656.77,1.86,1.89,0.035,0.0,0.0,Open,1.347242947075953
1:23,-653.97,1.86,1.88,0.035,0.0,0.0,Open,1.5370946374142163
1:24,-651.17,1.85,1.86,0.035,0.0,0.0,Open,1.7618455138915385
1:25,-648.37,1.84,1.85,0.035,0.0,0.0,Open,2.090470182146708
1:26,-645.58,1.83,1.83,0.035,0.0,0.0,Open,2.335497398507554
1:27,-642.79,1.82,1.82,0.035,0.0,0.0,Open,1.788105766366391
1:28,-640.0,1.82,1.8,0.035,0.0,0.0,Open,1.5083064087919928
1:29,-637.21,1.81,1.79,0.035,0.0,0.0,Open,2.0947068226291883
1:30,-634.42,1.8,1.77,0.035,0.0,0.0,Open,2.154622359006915
1:31,-631.63,1.79,1.76,0.035,0.0,0.0,Open,1.5549176956821817
1:32,-628.85,1.78,1.75,0.035,0.0,0.0,Open,1.6125703455634532
1:33,-626.07,1.78,1.73,0.035,0.0,0.0,Open,2.049502524880603
1:34,-623.29,1.77,1.72,0.035,0.0,0.0,Open,1.9677214494639759
1:35,-620.51,1.76,1.7,0.035,0.0,0.0,Open,2.285865658736691
1:36,-617.73,1.75,1.69,0.035,0.0,0.0,Open,2.021903024717025
1:37,-614.96,1.74,1.67,0.035,0.0,0.0,Open,1.8252904097202027
1:38,-612.18,1.74,1.66,0.035,0.0,0.0,Open,2.28765053721085
1:39,-609.41,1.73,1.65,0.035,0.0,0.0,Open,1.4151373002699466
1:40,-606.64,1.72,1.63,0.036,0.0,0.0,Open,1.7841258663321673
1:41,-603.88,1.71,1.62,0.036,0.0,0.0,Open,1.67659263336658
1:42,-601.11,1.71,1.61,0.036,0.0,0.0,Open,2.164954927268887
1:43,-598.35,1.7,1.59,0.036,0.0,0.0,Open,1.649536673269697
1:44,-595.59,1.69,1.58,0.036,0.0,0.0,Open,1.7492686485252251
1:45,-592.83,1.68,1.56,0.036,0.0,0.0,Open,2.0742651819172178
1:46,-590.07,1.67,1.55,0.036,0.0,0.0,Open,1.8795539756865323
1:47,-587.31,1.67,1.54,0.036,0.0,0.0,Open,1.544396701929966
1:48,-584.56,1.66,1.52,0.036,0.0,0.0,Open,1.8843044494970806
1:49,-581.81,1.65,1.51,0.036,0.0,0.0,Open,1.6973877977713958
1:50,-579.05,1.64,1.5,0.036,0.0,0.0,Open,1.938019115155567
1:51,-576.31,1.63,1.48,0.036,0.0,0.0,Open,1.5227624767419512
1:52,-573.56,1.63,1.47,0.036,0.0,0.0,Open,1.4178019808211237
1:53,-570.81,1.62,1.46,0.036,0.0,0.0,Open,1.9109973020300899
1:54,-568.07,1.61,1.45,0.036,0.0,0.0,Open,1.4925083640882966
1:55,-565.33,1.6,1.43,0.036,0.0,0.0,Open,2.0154609132458337
1:56,-562.59,1.6,1.42,0.036,0.0,0.0,Open,0.9439209132865473
1:57,-559.86,1.59,1.41,0.036,0.0,0.0,Open,1.8006691076155403
1:58,-557.12,1.58,1.39,0.036,0.0,0.0,Open,1.6826357747163925
1:59,-554.39,1.57,1.38,0.036,0.0,0.0,Open,1.4971913163893609
2:00,-551.66,1.56,1.37,0.036,0.0,0.0,Open,1.5746098736009118
2:01,-548.93,1.56,1.36,0.036,0.0,0.0,Open,2.1333726400033406
2:02,-546.2,1.55,1.34,0.036,0.0,0.0,Open,1.6764985474549494
2:03,-543.47,1.54,1.33,0.036,0.0,0.0,Open,1.6645231032602723
2:04,-540.75,1.53,1.32,0.036,0.0,0.0,Open,1.798537879945789
2:05,-538.03,1.53,1.31,0.036,0.0,0.0,Open,1.7694048373010431
2:06,-535.31,1.52,1.3,0.036,0.0,0.0,Open,1.7512689525188592
2:07,-532.59,1.51,1.28,0.036,0.0,0.0,Open,0.9968124258090084
2:08,-529.88,1.5,1.27,0.036,0.0,0.0,Open,1.511773463245674
2:09,-527.17,1.5,1.26,0.036,0.0,0.0,Open,1.390643680360741
2:10,-524.45,1.49,1.25,0.036,0.0,0.0,Open,1.8882587141926221
2:11,-521.74,1.48,1.23,0.036,0.0,0.0,Open,1.352610500260669
2:12,-519.04,1.47,1.22,0.036,0.0,0.0,Open,1.4846938688955333
2:13,-516.33,1.46,1.21,0.036,0.0,0.0,Open,0.9582201090401198
2:14,-513.63,1.46,1.2,0.036,0.0,0.0,Open,1.32162347049443
2:15,-510.93,1.45,1.19,0.036,0.0,0.0,Open,1.2647827738781188
2:16,-508.23,1.44,1.18,0.036,0.0,0.0,Open,1.4699115936750395
2:17,-505.53,1.43,1.16,0.036,0.0,0.0,Open,1.795000662349842
2:18,-502.84,1.43,1.15,0.037,0.0,0.0,Open,1.0426051678676411
2:19,-500.15,1.42,1.14,0.037,0.0,0.0,Open,1.4792671209274726
2:20,-497.46,1.41,1.13,0.037,0.0,0.0,Open,1.8766798104334512
2:21,-494.77,1.4,1.12,0.037,0.0,0.0,Open,1.4443884646787
2:22,-492.08,1.4,1.11,0.037,0.0,0.0,Open,1.595813655455126
2:23,-489.4,1.39,1.1,0.037,0.0,0.0,Open,1.514690212285007
2:24,-486.72,1.38,1.09,0.037,0.0,0.0,Open,1.4580074800764056
2:25,-484.04,1.37,1.07,0.037,0.0,0.0,Open,1.3488085615888434
2:26,-481.36,1.37,1.06,0.037,0.0,0.0,Open,1.5833008919913316
2:27,-478.68,1.36,1.05,0.037,0.0,0.0,Open,1.528607030270256
2:28,-476.01,1.35,1.04,0.037,0.0,0.0,Open,1.5176177620356812
2:29,-473.34,1.34,1.03,0.037,0.0,0.0,Open,1.4801712933446713
2:30,-470.67,1.34,1.02,0.037,0.0,0.0,Open,1.2561586819459605
2:31,-468.0,1.33,1.01,0.037,0.0,0.0,Open,1.3167621696545622
2:32,-465.34,1.32,1.0,0.037,0.0,0.0,Open,1.258934275540994
2:33,-462.68,1.31,0.99,0.037,0.0,0.0,Open,1.384801148581889
2:34,-460.02,1.3,0.98,0.037,0.0,0.0,Open,1.0991664792000155
2:35,-457.36,1.3,0.97,0.037,0.0,0.0,Open,1.9176678192937988
2:36,-454.7,1.29,0.96,0.037,0.0,0.0,Open,1.2767944462724092
2:37,-452.05,1.28,0.95,0.037,0.0,0.0,Open,1.6196988146654836
2:38,-449.4,1.27,0.94,0.037,0.0,0.0,Open,1.7278132589636859
2:39,-446.75,1.27,0.93,0.037,0.0,0.0,Open,1.0240237855502041
2:40,-444.1,1.26,0.92,0.037,0.0,0.0,Open,2.0438172981227627
2:41,-441.46,1.25,0.91,0.037,0.0,0.0,Open,1.3542197771608238
2:42,-438.82,1.24,0.9,0.037,0.0,0.0,Open,1.398264328199412
2:43,-436.18,1.24,0.89,0.037,0.0,0.0,Open,1.4035036107646095
2:44,-433.54,1.23,0.88,0.037,0.0,0.0,Open,1.4653844997617158
2:45,-430.91,1.22,0.87,0.037,0.0,0.0,Open,1.0884832267417002
2:46,-428.27,1.21,0.86,0.037,0.0,0.0,Open,1.2684763612516832
2:47,-425.64,1.21,0.85,0.037,0.0,0.0,Open,1.1110430658845345
2:48,-423.02,1.2,0.84,0.037,0.0,0.0,Open,1.1307031709355295
2:49,-420.39,1.19,0.83,0.037,0.0,0.0,Open,0.7117518385028418
2:50,-417.77,1.19,0.82,0.038,0.0,0.0,Open,1.1993074731224747
2:51,-415.15,1.18,0.81,0.038,0.0,0.0,Open,0.9425448025715712
2:52,-412.53,1.17,0.8,0.038,0.0,0.0,Open,1.3324960305757063
2:53,-409.91,1.16,0.79,0.038,0.0,0.0,Open,1.106262409080478
2:54,-407.3,1.16,0.78,0.038,0.0,0.0,Open,1.2233313611524352
2:55,-404.69,1.15,0.77,0.038,0.0,0.0,Open,0.7556106668399678
2:56,-402.08,1.14,0.76,0.038,0.0,0.0,Open,1.0271482478809764
2:57,-399.47,1.13,0.75,0.038,0.0,0.0,Open,0.7251498145891231
2:58,-396.87,1.13,0.74,0.038,0.0,0.0,Open,1.4274963092324344
2:59,-394.27,1.12,0.74,0.038,0.0,0.0,Open,1.3080778550887453
3:00,-391.67,1.11,0.73,0.038,0.0,0.0,Open,1.3618937654617078
3:01,-389.08,1.1,0.72,0.038,0.0,0.0,Open,1.6425776530748193
3:02,-386.48,1.1,0.71,0.038,0.0,0.0,Open,1.3041442121741846
3:03,-383.89,1.09,0.7,0.038,0.0,0.0,Open,0.7701830771724243
3:04,-381.3,1.08,0.69,0.038,0.0,0.0,Open,1.1449267822661138
3:05,-378.72,1.07,0.68,0.038,0.0,0.0,Open,1.3559398105520188
3:06,-376.13,1.07,0.67,0.038,0.0,0.0,Open,1.3793117122726313
3:07,-373.55,1.06,0.67,0.038,0.0,0.0,Open,1.1802915707543145
3:08,-370.97,1.05,0.66,0.038,0.0,0.0,Open,0.7024635780932865
3:09,-368.4,1.05,0.65,0.038,0.0,0.0,Open,0.8154961798409894
3:10,-365.83,1.04,0.64,0.038,0.0,0.0,Open,1.0385250582815766
3:11,-363.26,1.03,0.63,0.038,0.0,0.0,Open,0.9139604765016054
3:12,-360.69,1.02,0.62,0.038,0.0,0.0,Open,1.5550569836338033
3:13,-358.12,1.02,0.62,0.038,0.0,0.0,Open,1.1132538641142855
3:14,-355.56,1.01,0.61,0.038,0.0,0.0,Open,0.8055847305728568
3:15,-353.0,1.0,0.6,0.038,0.0,0.0,Open,1.580335708807349
3:16,-350.44,0.99,0.59,0.039,0.0,0.0,Open,0.6098557797068356
3:17,-347.89,0.99,0.58,0.039,0.0,0.0,Open,0.30718443509378845
3:18,-345.34,0.98,0.58,0.039,0.0,0.0,Open,1.0542321526434097
3:19,-342.79,0.97,0.57,0.039,0.0,0.0,Open,0.8150294821603553
3:20,-340.24,0.97,0.56,0.039,0.0,0.0,Open,1.1628302876094836
3:21,-337.7,0.96,0.55,0.039,0.0,0.0,Open,1.2982027439127144
3:22,-335.16,0.95,0.54,0.039,0.0,0.0,Open,1.2466516985143663
3:23,-332.62,0.94,0.54,0.039,0.0,0.0,Open,0.6697743415737398
3:24,-330.08,0.94,0.53,0.039,0.0,0.0,Open,1.1544068705898884
3:25,-327.55,0.93,0.52,0.039,0.0,0.0,Open,0.756027690538402
3:26,-325.02,0.92,0.51,0.039,0.0,0.0,Open,1.0943094985781276
3:27,-322.5,0.91,0.51,0.039,0.0,0.0,Open,1.1154407988403958
3:28,-319.97,0.91,0.5,0.039,0.0,0.0,Open,0.9170235208590959
3:29,-317.45,0.9,0.49,0.039,0.0,0.0,Open,0.41067793819782633
3:30,-314.93,0.89,0.48,0.039,0.0,0.0,Open,0.7126015170702734
3:31,-312.42,0.89,0.48,0.039,0.0,0.0,Open,0.8355006439097008
3:32,-309.9,0.88,0.47,0.039,0.0,0.0,Open,0.8831517094792952
3:33,-307.4,0.87,0.46,0.039,0.0,0.0,Open,0.6415861449327827
3:34,-304.89,0.86,0.46,0.039,0.0,0.0,Open,0.7258311788979948
3:35,-302.39,0.86,0.45,0.039,0.0,0.0,Open,1.202159640078476
3:36,-299.89,0.85,0.44,0.039,0.0,0.0,Open,0.42628218333068196
3:37,-297.39,0.84,0.44,0.039,0.0,0.0,Open,0.38945225596982397
3:38,-294.89,0.84,0.43,0.04,0.0,0.0,Open,0.5857277760508128
3:39,-292.4,0.83,0.42,0.04,0.0,0.0,Open,0.9637860096828944
3:40,-289.91,0.82,0.42,0.04,0.0,0.0,Open,0.9078585889622905
3:41,-287.43,0.82,0.41,0.04,0.0,0.0,Open,0.9207994266556815
3:42,-284.95,0.81,0.4,0.04,0.0,0.0,Open,1.2849655098664168
3:43,-282.47,0.8,0.4,0.04,0.0,0.0,Open,0.8934708172957201
3:44,-279.99,0.79,0.39,0.04,0.0,0.0,Open,0.8568699700218358
3:45,-277.52,0.79,0.38,0.04,0.0,0.0,Open,0.8094838901729142
3:46,-275.05,0.78,0.38,0.04,0.0,0.0,Open,0.728016189063927
3:47,-272.58,0.77,0.37,0.04,0.0,0.0,Open,0.3596985042310765
3:48,-270.12,0.77,0.36,0.04,0.0,0.0,Open,0.5440236033061293
3:49,-267.66,0.76,0.36,0.04,0.0,0.0,Open,1.0661453733953588
3:50,-265.2,0.75,0.35,0.04,0.0,0.0,Open,0.5621583356347053
3:51,-262.75,0.75,0.35,0.04,0.0,0.0,Open,0.47061467085612824
3:52,-260.3,0.74,0.34,0.04,0.0,0.0,Open,0.6720678606989394
3:53,-257.85,0.73,0.33,0.04,0.0,0.0,Open,0.5931861503444633
3:54,-255.41,0.72,0.33,0.04,0.0,0.0,Open,0.9065452605418083
3:55,-252.97,0.72,0.32,0.04,0.0,0.0,Open,0.8607797455686467
3:56,-250.53,0.71,0.32,0.04,0.0,0.0,Open,0.792666901331388
3:57,-248.1,0.7,0.31,0.041,0.0,0.0,Open,0.3957662913117009
3:58,-245.67,0.7,0.31,0.041,0.0,0.0,Open,0.3096944968282639
3:59,-243.24,0.69,0.3,0.041,0.0,0.0,Open,0.9815781006159995
4:00,-240.82,0.68,0.3,0.041,0.0,0.0,Open,0.7817799099421737
4:01,-238.4,0.68,0.29,0.041,0.0,0.0,Open,0.6547616458118822
4:02,-235.99,0.67,0.28,0.041,0.0,0.0,Open,0.5787254135479701
4:03,-233.57,0.66,0.28,0.041,0.0,0.0,Open,0.5225856977800594
4:04,-231.17,0.66,0.27,0.041,0.0,0.0,Open,0.49271095930633857
4:05,-228.76,0.65,0.27,0.041,0.0,0.0,Open,0.8503976535792717
4:06,-226.36,0.64,0.26,0.041,0.0,0.0,Open,0.696733025216426
4:07,-223.96,0.64,0.26,0.041,0.0,0.0,Open,0.890498452962657
4:08,-221.57,0.63,0.25,0.041,0.0,0.0,Open,-0.04446736253226635
4:09,-219.18,0.62,0.25,0.041,0.0,0.0,Open,0.725580513510582
4:10,-216.79,0.61,0.24,0.041,0.0,0.0,Open,0.2989188414989993
4:11,-214.41,0.61,0.24,0.041,0.0,0.0,Open,0.5711830767705979
4:12,-212.03,0.6,0.23,0.041,0.0,0.0,Open,0.8762836846384443
4:13,-209.65,0.59,0.23,0.042,0.0,0.0,Open,0.16016609393887127
4:14,-207.28,0.59,0.22,0.042,0.0,0.0,Open,0.21523965966181757
4:15,-204.91,0.58,0.22,0.042,0.0,0.0,Open,0.2967986210161406
4:16,-202.55,0.57,0.21,0.042,0.0,0.0,Open,0.4604363760690473
4:17,-200.19,0.57,0.21,0.042,0.0,0.0,Open,0.712898174655216
4:18,-197.83,0.56,0.2,0.042,0.0,0.0,Open,0.6803245510981399
4:19,-195.48,0.55,0.2,0.042,0.0,0.0,Open,0.42168693197399043
4:20,-193.13,0.55,0.2,0.042,0.0,0.0,Open,0.4400861361697143
4:21,-190.79,0.54,0.19,0.042,0.0,0.0,Open,0.3088257317206338
4:22,-188.45,0.53,0.19,0.042,0.0,0.0,Open,0.6386326737399461
4:23,-186.12,0.53,0.18,0.042,0.0,0.0,Open,0.905164525101481
4:24,-183.78,0.52,0.18,0.042,0.0,0.0,Open,0.6088464300402956
4:25,-181.46,0.51,0.17,0.042,0.0,0.0,Open,0.36356841593593314
4:26,-179.13,0.51,0.17,0.043,0.0,0.0,Open,0.925246465958699
4:27,-176.82,0.5,0.17,0.043,0.0,0.0,Open,0.7236182888444159
4:28,-174.5,0.5,0.16,0.043,0.0,0.0,Open,-0.3057757756996621
4:29,-172.19,0.49,0.16,0.043,0.0,0.0,Open,0.2796148631316001
4:30,-169.89,0.48,0.15,0.043,0.0,0.0,Open,0.40603588990876466
4:31,-167.58,0.48,0.15,0.043,0.0,0.0,Open,0.7902190946637149
4:32,-165.29,0.47,0.15,0.043,0.0,0.0,Open,0.6593802336934054
4:33,-163.0,0.46,0.14,0.043,0.0,0.0,Open,0.48540304923453464
4:34,-160.71,0.46,0.14,0.043,0.0,0.0,Open,0.5137700232100182
4:35,-158.43,0.45,0.14,0.043,0.0,0.0,Open,0.509245984114494
4:36,-156.15,0.44,0.13,0.043,0.0,0.0,Open,0.7728593107966193
4:37,-153.87,0.44,0.13,0.043,0.0,0.0,Open,0.2904113277436232
4:38,-151.61,0.43,0.13,0.044,0.0,0.0,Open,0.8161480573815284
4:39,-149.34,0.42,0.12,0.044,0.0,0.0,Open,-0.08890238543348888
4:40,-147.08,0.42,0.12,0.044,0.0,0.0,Open,0.6804534734204363
4:41,-144.83,0.41,0.12,0.044,0.0,0.0,Open,0.5882059852236993
4:42,-142.58,0.4,0.11,0.044,0.0,0.0,Open,0.5092966251182988
4:43,-140.33,0.4,0.11,0.044,0.0,0.0,Open,0.1695396557180079
4:44,-138.1,0.39,0.11,0.044,0.0,0.0,Open,0.18269267902727088
4:45,-135.86,0.39,0.1,0.044,0.0,0.0,Open,0.09071170358412833
4:46,-133.63,0.38,0.1,0.044,0.0,0.0,Open,0.15052556896528202
4:47,-131.41,0.37,0.1,0.045,0.0,0.0,Open,0.31928001455212646
4:48,-129.19,0.37,0.09,0.045,0.0,0.0,Open,0.4743671461228961
4:49,-126.98,0.36,0.09,0.045,0.0,0.0,Open,0.6368903809358533
4:50,-124.77,0.35,0.09,0.045,0.0,0.0,Open,0.18334912433940798
4:51,-122.57,0.35,0.08,0.045,0.0,0.0,Open,0.7476733414570507
4:52,-120.37,0.34,0.08,0.045,0.0,0.0,Open,0.4317021948127882
4:53,-118.18,0.34,0.08,0.045,0.0,0.0,Open,-0.29451462615065277
4:54,-115.99,0.33,0.08,0.045,0.0,0.0,Open,-0.30015110948098195
4:55,-113.81,0.32,0.07,0.045,0.0,0.0,Open,0.32962359995431706
4:56,-111.64,0.32,0.07,0.046,0.0,0.0,Open,0.37893223918190644
4:57,-109.47,0.31,0.07,0.046,0.0,0.0,Open,0.1554081047852513
4:58,-107.31,0.3,0.07,0.046,0.0,0.0,Open,0.6001745662427606
4:59,-105.16,0.3,0.06,0.046,0.0,0.0,Open,0.2966518370425857
5:00,-126.36,0.36,0.09,0.045,0.0,0.0,Open,0.3154235657348378
5:01,347.56,0.99,0.58,0.039,0.0,0.0,Open,1.0615955240989867
5:02,345.37,0.98,0.58,0.039,0.0,0.0,Open,0.9707681565590585
5:03,343.18,0.97,0.57,0.039,0.0,0.0,Open,1.3336992743181044
5:04,341.01,0.97,0.56,0.039,0.0,0.0,Open,0.7017171853882651
5:05,338.84,0.96,0.56,0.039,0.0,0.0,Open,1.0780716291094246
5:06,336.68,0.96,0.55,0.039,0.0,0.0,Open,0.616350259505709
5:07,334.54,0.95,0.54,0.039,0.0,0.0,Open,0.8536909252338868
5:08,332.4,0.94,0.54,0.039,0.0,0.0,Open,0.7640066970270527
5:09,330.28,0.94,0.53,0.039,0.0,0.0,Open,0.9501179630967505
5:10,328.16,0.93,0.52,0.039,0.0,0.0,Open,0.8583909435964362
5:11,326.06,0.92,0.52,0.039,0.0,0.0,Open,1.4260902926274999
5:12,323.96,0.92,0.51,0.039,0.0,0.0,Open,0.7778326228890872
5:13,321.88,0.91,0.5,0.039,0.0,0.0,Open,0.7755305910003815
5:14,319.8,0.91,0.5,0.039,0.0,0.0,Open,0.7288045147314102
5:15,317.74,0.9,0.49,0.039,0.0,0.0,Open,0.5277547653725652
5:16,315.68,0.9,0.49,0.039,0.0,0.0,Open,0.6903316289617927
5:17,313.64,0.89,0.48,0.039,0.0,0.0,Open,0.42167129191319813
5:18,311.6,0.88,0.48,0.039,0.0,0.0,Open,1.0248989341504098
5:19,309.57,0.88,0.47,0.039,0.0,0.0,Open,0.6508070174149664
5:20,307.56,0.87,0.46,0.039,0.0,0.0,Open,1.2220676667414438
5:21,305.55,0.87,0.46,0.039,0.0,0.0,Open,1.218870433393286
5:22,303.56,0.86,0.45,0.039,0.0,0.0,Open,1.098611628625298
5:23,301.57,0.86,0.45,0.039,0.0,0.0,Open,0.7343423790719619
5:24,299.59,0.85,0.44,0.039,0.0,0.0,Open,1.301144072941221
5:25,297.63,0.84,0.44,0.039,0.0,0.0,Open,0.6121453746570507
5:26,295.67,0.84,0.43,0.039,0.0,0.0,Open,0.7647253874889159
5:27,293.72,0.83,0.43,0.04,0.0,0.0,Open,0.7015053915013891
5:28,291.79,0.83,0.42,0.04,0.0,0.0,Open,1.048466452369618
5:29,289.86,0.82,0.42,0.04,0.0,0.0,Open,0.8116116550647051
5:30,287.94,0.82,0.41,0.04,0.0,0.0,Open,0.9431808642762086
5:31,286.03,0.81,0.41,0.04,0.0,0.0,Open,0.6397868505541158
5:32,284.13,0.81,0.4,0.04,0.0,0.0,Open,0.6206099862842351
5:33,282.24,0.8,0.4,0.04,0.0,0.0,Open,1.2869407891600426
5:34,280.36,0.8,0.39,0.04,0.0,0.0,Open,1.0626236052294737
5:35,278.49,0.79,0.39,0.04,0.0,0.0,Open,0.7296692500469717
5:36,276.63,0.78,0.38,0.04,0.0,0.0,Open,1.0122237248967003
5:37,274.78,0.78,0.38,0.04,0.0,0.0,Open,0.9504987668488503
5:38,272.94,0.77,0.37,0.04,0.0,0.0,Open,1.1998799485745353
5:39,271.11,0.77,0.37,0.04,0.0,0.0,Open,0.6403473481586545
5:40,269.28,0.76,0.36,0.04,0.0,0.0,Open,0.5057689727117953
5:41,267.47,0.76,0.36,0.04,0.0,0.0,Open,1.2958587758248283
5:42,265.66,0.75,0.35,0.04,0.0,0.0,Open,1.1465848618365344
5:43,263.87,0.75,0.35,0.04,0.0,0.0,Open,0.41640885460847793
5:44,262.08,0.74,0.35,0.04,0.0,0.0,Open,0.6874432447399307
5:45,260.3,0.74,0.34,0.04,0.0,0.0,Open,0.24871925335609485
5:46,258.54,0.73,0.34,0.04,0.0,0.0,Open,0.5238425721773421
5:47,256.78,0.73,0.33,0.04,0.0,0.0,Open,1.0096988022271525
5:48,255.03,0.72,0.33,0.04,0.0,0.0,Open,0.6227990682183491
5:49,253.29,0.72,0.32,0.04,0.0,0.0,Open,0.3205332594278779
5:50,251.56,0.71,0.32,0.04,0.0,0.0,Open,0.7938939487848213
5:51,249.84,0.71,0.32,0.04,0.0,0.0,Open,0.7674340929324407
5:52,248.12,0.7,0.31,0.041,0.0,0.0,Open,0.18139865246117892
5:53,246.42,0.7,0.31,0.041,0.0,0.0,Open,-0.03031475439092879
5:54,244.73,0.69,0.3,0.041,0.0,0.0,Open,0.64996243829268
5:55,243.04,0.69,0.3,0.041,0.0,0.0,Open,0.30377088685293463
5:56,241.36,0.68,0.3,0.041,0.0,0.0,Open,0.6718902962815263
5:57,239.7,0.68,0.29,0.041,0.0,0.0,Open,0.18969634949719877
5:58,238.04,0.68,0.29,0.041,0.0,0.0,Open,0.7813467355852769
5:59,236.39,0.67,0.29,0.041,0.0,0.0,Open,0.20518997229408936
6:00,234.75,0.67,0.28,0.041,0.0,0.0,Open,0.6307770016344157
6:01,233.11,0.66,0.28,0.041,0.0,0.0,Open,0.2938588516457817
6:02,231.49,0.66,0.27,0.041,0.0,0.0,Open,-0.39595643487854637
6:03,229.88,0.65,0.27,0.041,0.0,0.0,Open,0.5264880271743941
6:04,228.27,0.65,0.27,0.041,0.0,0.0,Open,0.02498619272294189
6:05,226.68,0.64,0.26,0.041,0.0,0.0,Open,1.040483123933245
6:06,225.09,0.64,0.26,0.041,0.0,0.0,Open,-0.07113898931752038
6:07,223.51,0.63,0.26,0.041,0.0,0.0,Open,0.36075668513435
6:08,221.94,0.63,0.25,0.041,0.0,0.0,Open,0.7257676636130302
6:09,220.38,0.63,0.25,0.041,0.0,0.0,Open,0.8219543437433222
6:10,218.82,0.62,0.25,0.041,0.0,0.0,Open,1.3091059435245054
6:11,217.28,0.62,0.24,0.041,0.0,0.0,Open,0.7659194814722043
6:12,215.74,0.61,0.24,0.041,0.0,0.0,Open,0.9540827485152931
6:13,214.21,0.61,0.24,0.041,0.0,0.0,Open,0.38928583473695083
6:14,212.69,0.6,0.23,0.041,0.0,0.0,Open,0.70844247395991
6:15,211.18,0.6,0.23,0.042,0.0,0.0,Open,0.557453019508994
6:16,209.68,0.59,0.23,0.042,0.0,0.0,Open,0.553317482820553
6:17,208.19,0.59,0.23,0.042,0.0,0.0,Open,0.3299758727230908
6:18,206.7,0.59,0.22,0.042,0.0,0.0,Open,0.7995690296642637
6:19,205.22,0.58,0.22,0.042,0.0,0.0,Open,1.0872729579518152
6:20,203.76,0.58,0.22,0.042,0.0,0.0,Open,0.639985949843431
6:21,202.3,0.57,0.21,0.042,0.0,0.0,Open,0.38917977365671597
6:22,200.84,0.57,0.21,0.042,0.0,0.0,Open,0.5326570601142653
6:23,199.4,0.57,0.21,0.042,0.0,0.0,Open,0.7481606755100266
6:24,197.96,0.56,0.21,0.042,0.0,0.0,Open,0.4560970497634018
6:25,196.54,0.56,0.2,0.042,0.0,0.0,Open,0.34955873606542426
6:26,195.12,0.55,0.2,0.042,0.0,0.0,Open,0.6114861126288341
6:27,193.71,0.55,0.2,0.042,0.0,0.0,Open,0.6173640098804339
6:28,192.3,0.55,0.19,0.042,0.0,0.0,Open,0.44390113854140406
6:29,190.91,0.54,0.19,0.042,0.0,0.0,Open,0.41473756234165815
6:30,189.52,0.54,0.19,0.042,0.0,0.0,Open,1.0673780518938152
6:31,188.14,0.53,0.19,0.042,0.0,0.0,Open,0.7555472925350029
6:32,186.77,0.53,0.18,0.042,0.0,0.0,Open,0.04896929567392738
6:33,185.41,0.53,0.18,0.042,0.0,0.0,Open,0.5172850373637583
6:34,184.06,0.52,0.18,0.042,0.0,0.0,Open,0.3010740833141937
6:35,182.71,0.52,0.18,0.042,0.0,0.0,Open,0.3932643990948157
6:36,181.37,0.51,0.17,0.042,0.0,0.0,Open,0.7253701334021021
6:37,180.04,0.51,0.17,0.042,0.0,0.0,Open,0.7477596512601887
6:38,178.72,0.51,0.17,0.043,0.0,0.0,Open,0.6362155473786055
6:39,177.4,0.5,0.17,0.043,0.0,0.0,Open,0.5547747942007826
6:40,176.1,0.5,0.17,0.043,0.0,0.0,Open,0.8768831568371629
6:41,174.8,0.5,0.16,0.043,0.0,0.0,Open,0.3916302630369233
6:42,173.5,0.49,0.16,0.043,0.0,0.0,Open,0.7665451808321375
6:43,172.22,0.49,0.16,0.043,0.0,0.0,Open,-0.09358271569614462
6:44,170.94,0.48,0.16,0.043,0.0,0.0,Open,0.2963394757358154
6:45,169.68,0.48,0.15,0.043,0.0,0.0,Open,0.6257568836419012
6:46,168.42,0.48,0.15,0.043,0.0,0.0,Open,0.3390357059065612
6:47,167.16,0.47,0.15,0.043,0.0,0.0,Open,0.6123054391572824
6:48,165.92,0.47,0.15,0.043,0.0,0.0,Open,0.48668526362275155
6:49,164.68,0.47,0.15,0.043,0.0,0.0,Open,0.5455409937526692
6:50,163.45,0.46,0.14,0.043,0.0,0.0,Open,0.46257571913989065
6:51,162.22,0.46,0.14,0.043,0.0,0.0,Open,-0.11226776175894576
6:52,161.01,0.46,0.14,0.043,0.0,0.0,Open,0.8669782252101101
6:53,159.8,0.45,0.14,0.043,0.0,0.0,Open,0.632393362953177
6:54,158.6,0.45,0.14,0.043,0.0,0.0,Open,0.5514589827147338
6:55,157.41,0.45,0.13,0.043,0.0,0.0,Open,0.34501836071019737
6:56,156.22,0.44,0.13,0.043,0.0,0.0,Open,0.9960490121006045
6:57,155.04,0.44,0.13,0.043,0.0,0.0,Open,0.3989898878469295
6:58,153.87,0.44,0.13,0.043,0.0,0.0,Open,0.46734487782044504
6:59,152.71,0.43,0.13,0.044,0.0,0.0,Open,0.6114538383659924
7:00,151.55,0.43,0.13,0.044,0.0,0.0,Open,1.0666961482627124
7:01,150.4,0.43,0.12,0.044,0.0,0.0,Open,0.612094379799526
7:02,149.26,0.42,0.12,0.044,0.0,0.0,Open,0.4491474645678499
7:03,148.12,0.42,0.12,0.044,0.0,0.0,Open,0.12483302976243249
7:04,146.99,0.42,0.12,0.044,0.0,0.0,Open,0.39757328434770234
7:05,145.87,0.41,0.12,0.044,0.0,0.0,Open,0.44173127203386775
7:06,144.76,0.41,0.11,0.044,0.0,0.0,Open,0.23634237267879973
7:07,143.65,0.41,0.11,0.044,0.0,0.0,Open,0.043027170823180416
7:08,142.55,0.4,0.11,0.044,0.0,0.0,Open,0.6076304828997833
7:09,141.46,0.4,0.11,0.044,0.0,0.0,Open,0.2646065660776617
7:10,140.37,0.4,0.11,0.044,0.0,0.0,Open,0.19483274633041603
7:11,139.29,0.4,0.11,0.044,0.0,0.0,Open,0.46736050369317717
7:12,138.22,0.39,0.11,0.044,0.0,0.0,Open,0.15784810992796885
7:13,137.16,0.39,0.1,0.044,0.0,0.0,Open,-0.011236418861563846
7:14,136.1,0.39,0.1,0.044,0.0,0.0,Open,0.2175056449780758
7:15,135.05,0.38,0.1,0.044,0.0,0.0,Open,0.4096340643754527
7:16,134.0,0.38,0.1,0.044,0.0,0.0,Open,0.6553775740422305
7:17,132.96,0.38,0.1,0.044,0.0,0.0,Open,0.36682441509516067
7:18,131.93,0.37,0.1,0.044,0.0,0.0,Open,0.4511361583200284
7:19,130.91,0.37,0.1,0.045,0.0,0.0,Open,-0.10164437786986874
7:20,129.89,0.37,0.09,0.045,0.0,0.0,Open,0.5087281708020217
7:21,128.88,0.37,0.09,0.045,0.0,0.0,Open,0.3239351020981171
7:22,127.87,0.36,0.09,0.045,0.0,0.0,Open,0.08586467110952362
7:23,126.87,0.36,0.09,0.045,0.0,0.0,Open,0.7024513911917225
7:24,125.88,0.36,0.09,0.045,0.0,0.0,Open,0.7420943465925065
7:25,124.9,0.35,0.09,0.045,0.0,0.0,Open,0.22040800896288193
7:26,123.92,0.35,0.09,0.045,0.0,0.0,Open,1.0857032476388144
7:27,122.95,0.35,0.08,0.045,0.0,0.0,Open,0.31377409705240283
7:28,121.98,0.35,0.08,0.045,0.0,0.0,Open,0.30104282908086316
7:29,121.02,0.34,0.08,0.045,0.0,0.0,Open,0.3555710939244692
7:30,120.07,0.34,0.08,0.045,0.0,0.0,Open,0.052410824307373316
7:31,119.12,0.34,0.08,0.045,0.0,0.0,Open,0.2726781739184611
7:32,118.18,0.34,0.08,0.045,0.0,0.0,Open,0.38592382443740414
7:33,117.25,0.33,0.08,0.045,0.0,0.0,Open,0.821434637282194
7:34,116.32,0.33,0.08,0.045,0.0,0.0,Open,0.452151761299674
7:35,115.4,0.33,0.08,0.045,0.0,0.0,Open,0.3735532613748991
7:36,114.48,0.32,0.07,0.045,0.0,0.0,Open,0.29465206098131075
7:37,113.57,0.32,0.07,0.045,0.0,0.0,Open,0.11860329521366086
7:38,112.67,0.32,0.07,0.046,0.0,0.0,Open,-0.2779947364878113
7:39,111.77,0.32,0.07,0.046,0.0,0.0,Open,0.44473362207854517
7:40,110.88,0.31,0.07,0.046,0.0,0.0,Open,0.33387659363999533
7:41,110.0,0.31,0.07,0.046,0.0,0.0,Open,0.014949655644900361
7:42,109.12,0.31,0.07,0.046,0.0,0.0,Open,-0.02549273321493256
7:43,108.25,0.31,0.07,0.046,0.0,0.0,Open,0.43979016726203696
7:44,107.38,0.3,0.07,0.046,0.0,0.0,Open,-0.47276769315192885
7:45,106.52,0.3,0.07,0.046,0.0,0.0,Open,0.4832192701255464
7:46,105.66,0.3,0.06,0.046,0.0,0.0,Open,-0.20014312072039658
7:47,104.82,0.3,0.06,0.046,0.0,0.0,Open,0.4650859831790487
7:48,103.97,0.29,0.06,0.046,0.0,0.0,Open,0.07781501387382761
7:49,103.14,0.29,0.06,0.046,0.0,0.0,Open,0.4342915584450394
7:50,102.3,0.29,0.06,0.046,0.0,0.0,Open,0.15286333696485827
7:51,101.48,0.29,0.06,0.046,0.0,0.0,Open,0.9454940920781107
7:52,100.66,0.29,0.06,0.046,0.0,0.0,Open,0.4800655606376377
7:53,99.84,0.28,0.06,0.046,0.0,0.0,Open,0.6832730375234983
7:54,99.03,0.28,0.06,0.046,0.0,0.0,Open,0.482917088839776
7:55,98.23,0.28,0.06,0.046,0.0,0.0,Open,1.1336610156950364
7:56,97.43,0.28,0.06,0.047,0.0,0.0,Open,0.23612391272224514
7:57,96.64,0.27,0.05,0.047,0.0,0.0,Open,0.11587939939096745
7:58,95.86,0.27,0.05,0.047,0.0,0.0,Open,0.5633847786301331
7:59,95.08,0.27,0.05,0.047,0.0,0.0,Open,-0.27331533893293325
8:00,94.3,0.27,0.05,0.047,0.0,0.0,Open,0.5742261449738657
8:01,93.53,0.27,0.05,0.047,0.0,0.0,Open,0.6389488426526729
8:02,92.77,0.26,0.05,0.047,0.0,0.0,Open,0.5159332527391747
8:03,92.01,0.26,0.05,0.047,0.0,0.0,Open,0.1434127504538763
8:04,91.25,0.26,0.05,0.047,0.0,0.0,Open,0.6759414533911046
8:05,90.51,0.26,0.05,0.047,0.0,0.0,Open,0.41111643719890045
8:06,89.76,0.25,0.05,0.047,0.0,0.0,Open,0.4975663466859452
8:07,89.03,0.25,0.05,0.047,0.0,0.0,Open,0.4514617057821063
8:08,88.29,0.25,0.05,0.047,0.0,0.0,Open,0.6327669153908397
8:09,87.57,0.25,0.05,0.047,0.0,0.0,Open,0.26597332633000553
8:10,86.84,0.25,0.04,0.047,0.0,0.0,Open,-0.04050634769426703
8:11,86.13,0.24,0.04,0.047,0.0,0.0,Open,0.36987683413025196
8:12,85.42,0.24,0.04,0.047,0.0,0.0,Open,0.8545322573696229
8:13,84.71,0.24,0.04,0.048,0.0,0.0,Open,0.22890127591192758
8:14,84.01,0.24,0.04,0.048,0.0,0.0,Open,0.35871454240733497
8:15,83.31,0.24,0.04,0.048,0.0,0.0,Open,0.7429950376291103
8:16,82.62,0.23,0.04,0.048,0.0,0.0,Open,0.6271844344666985
8:17,81.94,0.23,0.04,0.048,0.0,0.0,Open,-0.0519020617981861
8:18,81.26,0.23,0.04,0.048,0.0,0.0,Open,0.6562452280115711
8:19,80.58,0.23,0.04,0.048,0.0,0.0,Open,0.5903094584271885
8:20,79.91,0.23,0.04,0.048,0.0,0.0,Open,0.37094127558488865
8:21,79.24,0.22,0.04,0.048,0.0,0.0,Open,0.3487196587069683
8:22,78.58,0.22,0.04,0.048,0.0,0.0,Open,0.32477987382360746
8:23,77.92,0.22,0.04,0.048,0.0,0.0,Open,0.3761998698856993
8:24,77.27,0.22,0.04,0.048,0.0,0.0,Open,-0.30379733439502865
8:25,76.63,0.22,0.04,0.048,0.0,0.0,Open,0.8889985486373355
8:26,75.98,0.22,0.03,0.048,0.0,0.0,Open,0.5602537123036733
8:27,75.35,0.21,0.03,0.048,0.0,0.0,Open,0.45368580577670836
8:28,74.71,0.21,0.03,0.048,0.0,0.0,Open,0.14143877451950654
8:29,74.09,0.21,0.03,0.048,0.0,0.0,Open,0.3344031636764483
8:30,73.46,0.21,0.03,0.049,0.0,0.0,Open,-0.08436858241199427
8:31,72.85,0.21,0.03,0.049,0.0,0.0,Open,0.1400288679870203
8:32,72.23,0.2,0.03,0.049,0.0,0.0,Open,0.1843737083828032
8:33,71.62,0.2,0.03,0.049,0.0,0.0,Open,0.7057548813651224
8:34,71.02,0.2,0.03,0.049,0.0,0.0,Open,0.024712871047015833
8:35,70.42,0.2,0.03,0.049,0.0,0.0,Open,0.030125778478254595
8:36,69.82,0.2,0.03,0.049,0.0,0.0,Open,-0.2837823203055744
8:37,69.23,0.2,0.03,0.049,0.0,0.0,Open,0.3472864993739584
8:38,68.64,0.19,0.03,0.049,0.0,0.0,Open,0.39528963169731723
8:39,68.06,0.19,0.03,0.049,0.0,0.0,Open,-0.2184347958281148
8:40,67.48,0.19,0.03,0.049,0.0,0.0,Open,0.013617995294500695
8:41,66.91,0.19,0.03,0.049,0.0,0.0,Open,-0.48814281036452206
8:42,66.34,0.19,0.03,0.049,0.0,0.0,Open,0.18785449531874343
8:43,65.78,0.19,0.03,0.049,0.0,0.0,Open,-0.006976510061698249
8:44,65.22,0.19,0.03,0.049,0.0,0.0,Open,0.09042697988512591
8:45,64.66,0.18,0.03,0.049,0.0,0.0,Open,0.7850951334796343
8:46,64.11,0.18,0.03,0.05,0.0,0.0,Open,0.4568085012252174
8:47,63.56,0.18,0.03,0.05,0.0,0.0,Open,0.19934409237034473
8:48,63.02,0.18,0.02,0.05,0.0,0.0,Open,0.4617045812038519
8:49,62.48,0.18,0.02,0.05,0.0,0.0,Open,0.193926757282786
8:50,61.94,0.18,0.02,0.05,0.0,0.0,Open,-0.16610629463123344
8:51,61.41,0.17,0.02,0.05,0.0,0.0,Open,-0.22013893705758372
8:52,60.88,0.17,0.02,0.05,0.0,0.0,Open,0.5236752462434989
8:53,60.36,0.17,0.02,0.05,0.0,0.0,Open,0.20031707762807752
8:54,59.84,0.17,0.02,0.05,0.0,0.0,Open,0.12642546139372518
8:55,59.33,0.17,0.02,0.05,0.0,0.0,Open,-0.08392104972961931
8:56,58.82,0.17,0.02,0.05,0.0,0.0,Open,0.5429519787539298
8:57,58.31,0.17,0.02,0.05,0.0,0.0,Open,-0.09119131327439209
8:58,57.81,0.16,0.02,0.05,0.0,0.0,Open,0.09323018981255754
8:59,57.31,0.16,0.02,0.05,0.0,0.0,Open,0.31131384827714775
9:00,56.81,0.16,0.02,0.05,0.0,0.0,Open,0.33447762642283463
9:01,56.32,0.16,0.02,0.05,0.0,0.0,Open,0.16373074924961956
9:02,55.83,0.16,0.02,0.051,0.0,0.0,Open,0.5491649861434226
9:03,55.35,0.16,0.02,0.051,0.0,0.0,Open,0.1410337909935005
9:04,54.87,0.16,0.02,0.051,0.0,0.0,Open,0.2656813706148718
9:05,54.4,0.15,0.02,0.051,0.0,0.0,Open,0.23166966573150655
9:06,53.92,0.15,0.02,0.051,0.0,0.0,Open,-0.2817848157256442
9:07,53.45,0.15,0.02,0.051,0.0,0.0,Open,-0.16199453170045838
9:08,52.99,0.15,0.02,0.051,0.0,0.0,Open,0.9212014818268006
9:09,52.53,0.15,0.02,0.051,0.0,0.0,Open,-0.2685705768520965
9:10,52.07,0.15,0.02,0.051,0.0,0.0,Open,-0.04801430591646852
9:11,51.62,0.15,0.02,0.051,0.0,0.0,Open,-0.3702562180829928
9:12,51.17,0.15,0.02,0.051,0.0,0.0,Open,-0.28463541544832527
9:13,50.72,0.14,0.02,0.051,0.0,0.0,Open,0.38793251017917485
9:14,50.28,0.14,0.02,0.051,0.0,0.0,Open,-0.20160633837076358
9:15,49.84,0.14,0.02,0.051,0.0,0.0,Open,0.603799806167117
9:16,49.4,0.14,0.02,0.051,0.0,0.0,Open,0.2965776329786775
9:17,48.97,0.14,0.02,0.052,0.0,0.0,Open,-0.40700078565973086
9:18,48.54,0.14,0.02,0.052,0.0,0.0,Open,-0.6122342348715719
9:19,48.11,0.14,0.01,0.052,0.0,0.0,Open,0.014838489522359666
9:20,47.69,0.14,0.01,0.052,0.0,0.0,Open,0.1466052470872138
9:21,47.27,0.13,0.01,0.052,0.0,0.0,Open,-0.07900421815524922
9:22,46.86,0.13,0.01,0.052,0.0,0.0,Open,0.6367164443246438
9:23,46.44,0.13,0.01,0.052,0.0,0.0,Open,-0.017290293322576783
9:24,46.04,0.13,0.01,0.052,0.0,0.0,Open,0.14666787214689278
9:25,45.63,0.13,0.01,0.052,0.0,0.0,Open,-0.07729066184104375
9:26,45.23,0.13,0.01,0.052,0.0,0.0,Open,0.11677718391840611
9:27,44.83,0.13,0.01,0.052,0.0,0.0,Open,0.19376798424404873
9:28,44.43,0.13,0.01,0.052,0.0,0.0,Open,0.45618791922050017
9:29,44.04,0.12,0.01,0.052,0.0,0.0,Open,0.041865185658430296
9:30,43.65,0.12,0.01,0.052,0.0,0.0,Open,0.053832133265570375
9:31,43.26,0.12,0.01,0.052,0.0,0.0,Open,-0.2409910579129152
9:32,42.88,0.12,0.01,0.053,0.0,0.0,Open,0.47482592773303306
9:33,42.5,0.12,0.01,0.053,0.0,0.0,Open,-0.530000991276706
9:34,42.12,0.12,0.01,0.053,0.0,0.0,Open,-0.10738958916939345
9:35,41.75,0.12,0.01,0.053,0.0,0.0,Open,0.320410127802111
9:36,41.38,0.12,0.01,0.053,0.0,0.0,Open,-0.31491247852544463
9:37,41.01,0.12,0.01,0.053,0.0,0.0,Open,0.49105570362013745
9:38,40.65,0.12,0.01,0.053,0.0,0.0,Open,0.3791282362596903
9:39,40.29,0.11,0.01,0.053,0.0,0.0,Open,-0.17269658030713853
9:40,39.93,0.11,0.01,0.053,0.0,0.0,Open,0.25455946650856176
9:41,39.57,0.11,0.01,0.053,0.0,0.0,Open,0.24791693916044988
9:42,39.22,0.11,0.01,0.053,0.0,0.0,Open,-0.04817411309627119
9:43,38.87,0.11,0.01,0.053,0.0,0.0,Open,0.8444963049597239
9:44,38.52,0.11,0.01,0.053,0.0,0.0,Open,0.31443054642762047
9:45,38.18,0.11,0.01,0.053,0.0,0.0,Open,0.03180569423845679
9:46,37.84,0.11,0.01,0.054,0.0,0.0,Open,0.20544603423910385
9:47,37.5,0.11,0.01,0.054,0.0,0.0,Open,0.21479710927244633
9:48,37.16,0.11,0.01,0.054,0.0,0.0,Open,0.09929467015911844
9:49,36.83,0.1,0.01,0.054,0.0,0.0,Open,0.03932789429387416
9:50,36.5,0.1,0.01,0.054,0.0,0.0,Open,-0.4282921417675084
9:51,36.17,0.1,0.01,0.054,0.0,0.0,Open,-0.197792400477542
9:52,35.85,0.1,0.01,0.054,0.0,0.0,Open,0.5200850707936164
9:53,35.52,0.1,0.01,0.054,0.0,0.0,Open,0.6077185114262665
9:54,35.21,0.1,0.01,0.054,0.0,0.0,Open,0.4625321566129871
9:55,34.89,0.1,0.01,0.054,0.0,0.0,Open,0.2250443540464934
9:56,34.58,0.1,0.01,0.054,0.0,0.0,Open,-0.4752108316227497
9:57,34.26,0.1,0.01,0.054,0.0,0.0,Open,0.5522127316377183
9:58,33.96,0.1,0.01,0.054,0.0,0.0,Open,-0.036946521700796875
9:59,33.65,0.1,0.01,0.054,0.0,0.0,Open,0.5126909988070095
10:00,33.35,0.09,0.01,0.055,0.0,0.0,Open,0.4869549654171692
10:01,33.05,0.09,0.01,0.055,0.0,0.0,Open,0.025024342676723627
10:02,32.75,0.09,0.01,0.055,0.0,0.0,Open,0.29816067483135705
10:03,32.45,0.09,0.01,0.055,0.0,0.0,Open,-0.0341618681896924
10:04,32.16,0.09,0.01,0.055,0.0,0.0,Open,0.4285817065927664
10:05,31.87,0.09,0.01,0.055,0.0,0.0,Open,0.3575191984933582
10:06,31.58,0.09,0.01,0.055,0.0,0.0,Open,0.3827464010603995
10:07,31.29,0.09,0.01,0.055,0.0,0.0,Open,0.09304768920394114
10:08,31.01,0.09,0.01,0.055,0.0,0.0,Open,0.30241917113073713
10:09,30.73,0.09,0.01,0.055,0.0,0.0,Open,0.38275777768912755
10:10,30.45,0.09,0.01,0.055,0.0,0.0,Open,0.37338433260582005
10:11,30.17,0.09,0.01,0.055,0.0,0.0,Open,0.1449504209226174
10:12,29.9,0.08,0.01,0.055,0.0,0.0,Open,-0.0045172800184525574
10:13,29.63,0.08,0.01,0.056,0.0,0.0,Open,-0.4417275625759442
10:14,29.36,0.08,0.01,0.056,0.0,0.0,Open,0.0634637509129991
10:15,29.09,0.08,0.01,0.056,0.0,0.0,Open,0.09933622862722147
10:16,28.83,0.08,0.01,0.056,0.0,0.0,Open,0.28254360797550454
10:17,28.56,0.08,0.01,0.056,0.0,0.0,Open,-0.12413782592717844
10:18,28.3,0.08,0.01,0.056,0.0,0.0,Open,0.31403052790984975
10:19,28.04,0.08,0.01,0.056,0.0,0.0,Open,-0.41647455334169853
10:20,27.79,0.08,0.01,0.056,0.0,0.0,Open,0.28417250627020535
10:21,27.54,0.08,0.01,0.056,0.0,0.0,Open,-0.4241580977859269
10:22,27.28,0.08,0.01,0.056,0.0,0.0,Open,-0.19973065414512892
10:23,27.03,0.08,0.01,0.056,0.0,0.0,Open,0.15918002088615452
10:24,26.79,0.08,0.01,0.056,0.0,0.0,Open,-0.22225482748031755
10:25,26.54,0.08,0.0,0.056,0.0,0.0,Open,0.040237705591888225
10:26,26.3,0.07,0.0,0.056,0.0,0.0,Open,0.2802578567499215
10:27,26.06,0.07,0.0,0.057,0.0,0.0,Open,0.0012257045740465683
10:28,25.82,0.07,0.0,0.057,0.0,0.0,Open,-0.21926978734585528
10:29,25.58,0.07,0.0,0.057,0.0,0.0,Open,-0.18874956413306304
10:30,25.35,0.07,0.0,0.057,0.0,0.0,Open,-0.14387001975839392
10:31,25.12,0.07,0.0,0.057,0.0,0.0,Open,0.2304937716120543
10:32,24.89,0.07,0.0,0.057,0.0,0.0,Open,0.594871623845838
10:33,24.66,0.07,0.0,0.057,0.0,0.0,Open,-0.33553802621651563
10:34,24.43,0.07,0.0,0.057,0.0,0.0,Open,0.7291001243041804
10:35,24.21,0.07,0.0,0.057,0.0,0.0,Open,0.06805963559367888
10:36,23.98,0.07,0.0,0.057,0.0,0.0,Open,-0.2648410382151144
10:37,23.76,0.07,0.0,0.057,0.0,0.0,Open,0.14414286917253677
10:38,23.54,0.07,0.0,0.057,0.0,0.0,Open,0.46097042460467275
10:39,23.33,0.07,0.0,0.058,0.0,0.0,Open,0.5341581391418555
10:40,23.11,0.07,0.0,0.058,0.0,0.0,Open,0.37372662886347996
10:41,22.9,0.06,0.0,0.058,0.0,0.0,Open,-0.03935271869016328
10:42,22.69,0.06,0.0,0.058,0.0,0.0,Open,0.10661012351028568
10:43,22.48,0.06,0.0,0.058,0.0,0.0,Open,0.07616967195854946
10:44,22.27,0.06,0.0,0.058,0.0,0.0,Open,-0.1250632579152047
10:45,22.07,0.06,0.0,0.058,0.0,0.0,Open,0.3322886410702875
10:46,21.86,0.06,0.0,0.058,0.0,0.0,Open,-0.11086181072310045
10:47,21.66,0.06,0.0,0.058,0.0,0.0,Open,0.13229157598990143
10:48,21.46,0.06,0.0,0.058,0.0,0.0,Open,0.2044433008560545
10:49,21.26,0.06,0.0,0.058,0.0,0.0,Open,0.6497790127832652
10:50,21.06,0.06,0.0,0.058,0.0,0.0,Open,0.6389613856162109
10:51,20.87,0.06,0.0,0.058,0.0,0.0,Open,-0.1394009406943086
10:52,20.68,0.06,0.0,0.059,0.0,0.0,Open,0.2423236096282287
10:53,20.48,0.06,0.0,0.059,0.0,0.0,Open,-0.032794004270423324
10:54,20.29,0.06,0.0,0.059,0.0,0.0,Open,0.16638065091244508
10:55,20.11,0.06,0.0,0.059,0.0,0.0,Open,0.3228322083732714
10:56,19.92,0.06,0.0,0.059,0.0,0.0,Open,-0.23624057531982423
10:57,19.73,0.06,0.0,0.059,0.0,0.0,Open,0.1974315521457039
10:58,19.55,0.06,0.0,0.059,0.0,0.0,Open,0.1317208699712039
10:59,19.37,0.05,0.0,0.059,0.0,0.0,Open,-0.021046752272502578
11:00,102.34,0.29,0.06,0.046,0.0,0.0,Open,0.09935201297819984
11:01,-482.56,1.37,1.07,0.037,0.0,0.0,Open,1.3037596643594545
11:02,-479.88,1.36,1.06,0.037,0.0,0.0,Open,1.44817245970215
11:03,-477.21,1.35,1.05,0.037,0.0,0.0,Open,1.9535219100674757
11:04,-474.53,1.35,1.04,0.037,0.0,0.0,Open,1.5849059032507373
11:05,-471.86,1.34,1.03,0.037,0.0,0.0,Open,1.1081782764084216
11:06,-469.2,1.33,1.01,0.037,0.0,0.0,Open,1.0022448894966214
11:07,-466.53,1.32,1.0,0.037,0.0,0.0,Open,1.7463569857486996
11:08,-463.87,1.32,0.99,0.037,0.0,0.0,Open,1.2714456435671586
11:09,-461.21,1.31,0.98,0.037,0.0,0.0,Open,1.4329491862765524
11:10,-458.55,1.3,0.97,0.037,0.0,0.0,Open,1.6841678844976444
11:11,-455.89,1.29,0.96,0.037,0.0,0.0,Open,1.5408782533966
11:12,-453.24,1.29,0.95,0.037,0.0,0.0,Open,1.392267742504355
11:13,-450.59,1.28,0.94,0.037,0.0,0.0,Open,1.572128233873594
11:14,-447.94,1.27,0.93,0.037,0.0,0.0,Open,1.4832409799995037
11:15,-445.29,1.26,0.92,0.037,0.0,0.0,Open,1.236988899417408
11:16,-442.64,1.26,0.91,0.037,0.0,0.0,Open,1.054439018299652
11:17,-440.0,1.25,0.9,0.037,0.0,0.0,Open,1.3791318294227628
11:18,-437.36,1.24,0.89,0.037,0.0,0.0,Open,0.5486484974626011
11:19,-434.72,1.23,0.88,0.037,0.0,0.0,Open,0.7049576751063027
11:20,-432.09,1.23,0.87,0.037,0.0,0.0,Open,1.418452549597825
11:21,-429.45,1.22,0.86,0.037,0.0,0.0,Open,1.185490898455565
11:22,-426.82,1.21,0.85,0.037,0.0,0.0,Open,1.6898762554620057
11:23,-424.19,1.2,0.84,0.037,0.0,0.0,Open,1.2106008143557805
11:24,-421.57,1.2,0.83,0.037,0.0,0.0,Open,1.5632742940078181
11:25,-418.94,1.19,0.82,0.038,0.0,0.0,Open,1.542056922755372
11:26,-416.32,1.18,0.81,0.038,0.0,0.0,Open,1.3578013913688
11:27,-413.7,1.17,0.8,0.038,0.0,0.0,Open,1.3566490982134973
11:28,-411.08,1.17,0.79,0.038,0.0,0.0,Open,1.338090622365512
11:29,-408.47,1.16,0.78,0.038,0.0,0.0,Open,1.4563817687616394
11:30,-405.86,1.15,0.78,0.038,0.0,0.0,Open,1.364876922765156
11:31,-403.25,1.14,0.77,0.038,0.0,0.0,Open,1.130336435842688
11:32,-400.64,1.14,0.76,0.038,0.0,0.0,Open,1.3588607404674626
11:33,-398.04,1.13,0.75,0.038,0.0,0.0,Open,0.9509695511036615
11:34,-395.43,1.12,0.74,0.038,0.0,0.0,Open,0.9121629666368809
11:35,-392.83,1.11,0.73,0.038,0.0,0.0,Open,1.138459172924687
11:36,-390.24,1.11,0.72,0.038,0.0,0.0,Open,0.8453054869285176
11:37,-387.64,1.1,0.71,0.038,0.0,0.0,Open,0.8570800468243001
11:38,-385.05,1.09,0.7,0.038,0.0,0.0,Open,1.5212243793615599
11:39,-382.46,1.08,0.69,0.038,0.0,0.0,Open,1.1014342550788208
11:40,-379.87,1.08,0.69,0.038,0.0,0.0,Open,0.9881888705669893
11:41,-377.29,1.07,0.68,0.038,0.0,0.0,Open,1.1537325105107328
11:42,-374.71,1.06,0.67,0.038,0.0,0.0,Open,0.8309331362581889
11:43,-372.13,1.06,0.66,0.038,0.0,0.0,Open,0.7972650132453929
11:44,-369.55,1.05,0.65,0.038,0.0,0.0,Open,0.6813296633379498
11:45,-366.98,1.04,0.64,0.038,0.0,0.0,Open,0.644083772224378
11:46,-364.4,1.03,0.64,0.038,0.0,0.0,Open,0.5604875536463734
11:47,-361.84,1.03,0.63,0.038,0.0,0.0,Open,1.3573318913618495
11:48,-359.27,1.02,0.62,0.038,0.0,0.0,Open,0.9940833865504446
11:49,-356.71,1.01,0.61,0.038,0.0,0.0,Open,0.5035663824929593
11:50,-354.14,1.0,0.6,0.038,0.0,0.0,Open,0.7530879707576195
11:51,-351.59,1.0,0.59,0.038,0.0,0.0,Open,0.9419473070730134
11:52,-349.03,0.99,0.59,0.039,0.0,0.0,Open,0.9847529510227832
11:53,-346.48,0.98,0.58,0.039,0.0,0.0,Open,0.8114404289412518
11:54,-343.93,0.98,0.57,0.039,0.0,0.0,Open,1.1008446720217309
11:55,-341.38,0.97,0.56,0.039,0.0,0.0,Open,1.0806925756194445
11:56,-338.84,0.96,0.56,0.039,0.0,0.0,Open,1.2522362973127543
11:57,-336.29,0.95,0.55,0.039,0.0,0.0,Open,0.9951204925428359
11:58,-333.75,0.95,0.54,0.039,0.0,0.0,Open,0.9061988018446391
11:59,-331.22,0.94,0.53,0.039,0.0,0.0,Open,1.0506761073241369
12:00,-328.68,0.93,0.52,0.039,0.0,0.0,Open,0.6289706648853184
12:01,-326.15,0.93,0.52,0.039,0.0,0.0,Open,0.5850517239078845
12:02,-323.62,0.92,0.51,0.039,0.0,0.0,Open,0.8623117475071777
12:03,-321.1,0.91,0.5,0.039,0.0,0.0,Open,1.0862025471044743
12:04,-318.58,0.9,0.5,0.039,0.0,0.0,Open,0.9662855551823537
12:05,-316.06,0.9,0.49,0.039,0.0,0.0,Open,0.25739576011393484
12:06,-313.54,0.89,0.48,0.039,0.0,0.0,Open,0.3096914172182281
12:07,-311.03,0.88,0.47,0.039,0.0,0.0,Open,0.9908764991415046
12:08,-308.52,0.88,0.47,0.039,0.0,0.0,Open,1.0201547118741503
12:09,-306.01,0.87,0.46,0.039,0.0,0.0,Open,1.0243564559382874
12:10,-303.51,0.86,0.45,0.039,0.0,0.0,Open,1.1024312761592931
12:11,-301.0,0.85,0.45,0.039,0.0,0.0,Open,0.290247789064078
12:12,-298.5,0.85,0.44,0.039,0.0,0.0,Open,0.9739445312329488
12:13,-296.01,0.84,0.43,0.039,0.0,0.0,Open,0.3312709514096699
12:14,-293.52,0.83,0.43,0.04,0.0,0.0,Open,1.0749075376042796
12:15,-291.03,0.83,0.42,0.04,0.0,0.0,Open,0.0012455871502734528
12:16,-288.54,0.82,0.41,0.04,0.0,0.0,Open,0.7937808920412166
12:17,-286.06,0.81,0.41,0.04,0.0,0.0,Open,0.7388151201657751
12:18,-283.58,0.8,0.4,0.04,0.0,0.0,Open,0.6122968469655772
12:19,-281.1,0.8,0.39,0.04,0.0,0.0,Open,1.2254925124331932
12:20,-278.63,0.79,0.39,0.04,0.0,0.0,Open,0.6505885796929822
12:21,-276.15,0.78,0.38,0.04,0.0,0.0,Open,0.9287308285956137
12:22,-273.69,0.78,0.37,0.04,0.0,0.0,Open,0.5839202155754124
12:23,-271.22,0.77,0.37,0.04,0.0,0.0,Open,0.9448075614669127
12:24,-268.76,0.76,0.36,0.04,0.0,0.0,Open,0.44960069924701584
12:25,-266.3,0.76,0.36,0.04,0.0,0.0,Open,0.6033222453527323
12:26,-263.85,0.75,0.35,0.04,0.0,0.0,Open,0.9606492542542527
12:27,-261.4,0.74,0.34,0.04,0.0,0.0,Open,0.715696590833377
12:28,-258.95,0.73,0.34,0.04,0.0,0.0,Open,0.8334411073576927
12:29,-256.5,0.73,0.33,0.04,0.0,0.0,Open,0.6327412446040128
12:30,-254.06,0.72,0.33,0.04,0.0,0.0,Open,1.289252993083262
12:31,-251.62,0.71,0.32,0.04,0.0,0.0,Open,0.7250524206163973
12:32,-249.19,0.71,0.31,0.041,0.0,0.0,Open,0.16391331820996324
12:33,-246.76,0.7,0.31,0.041,0.0,0.0,Open,0.455459441852061
12:34,-244.33,0.69,0.3,0.041,0.0,0.0,Open,0.6700412139766767
12:35,-241.91,0.69,0.3,0.041,0.0,0.0,Open,0.650714374255205
12:36,-239.48,0.68,0.29,0.041,0.0,0.0,Open,0.8936110866855504
12:37,-237.07,0.67,0.29,0.041,0.0,0.0,Open,0.430270036305247
12:38,-234.65,0.67,0.28,0.041,0.0,0.0,Open,1.2602610109689036
12:39,-232.24,0.66,0.28,0.041,0.0,0.0,Open,0.8470433998311756
12:40,-229.84,0.65,0.27,0.041,0.0,0.0,Open,0.8891016017787368
12:41,-227.43,0.65,0.27,0.041,0.0,0.0,Open,0.51209638155079
12:42,-225.03,0.64,0.26,0.041,0.0,0.0,Open,0.7383404893217291
12:43,-222.64,0.63,0.26,0.041,0.0,0.0,Open,0.30371890960851594
12:44,-220.25,0.62,0.25,0.041,0.0,0.0,Open,0.44721176724309275
12:45,-217.86,0.62,0.25,0.041,0.0,0.0,Open,0.3035773990257223
12:46,-215.47,0.61,0.24,0.041,0.0,0.0,Open,0.1594337656002875
12:47,-213.09,0.6,0.24,0.041,0.0,0.0,Open,0.4505006659030466
12:48,-210.71,0.6,0.23,0.042,0.0,0.0,Open,0.8107222298165753
12:49,-208.34,0.59,0.23,0.042,0.0,0.0,Open,0.3349280411140882
12:50,-205.97,0.58,0.22,0.042,0.0,0.0,Open,0.5803956363236588
12:51,-203.61,0.58,0.22,0.042,0.0,0.0,Open,0.9130321440636464
12:52,-201.24,0.57,0.21,0.042,0.0,0.0,Open,0.8859561016775006
12:53,-198.89,0.56,0.21,0.042,0.0,0.0,Open,0.8242291015224958
12:54,-196.53,0.56,0.2,0.042,0.0,0.0,Open,0.4784833864837635
12:55,-194.18,0.55,0.2,0.042,0.0,0.0,Open,0.23626275856379758
12:56,-191.84,0.54,0.19,0.042,0.0,0.0,Open,0.9428759646900862
12:57,-189.5,0.54,0.19,0.042,0.0,0.0,Open,0.11016494045993153
12:58,-187.16,0.53,0.18,0.042,0.0,0.0,Open,0.3198591187709866
12:59,-184.83,0.52,0.18,0.042,0.0,0.0,Open,0.6470622414043925
13:00,-182.5,0.52,0.18,0.042,0.0,0.0,Open,0.46373695951844196
13:01,-180.18,0.51,0.17,0.042,0.0,0.0,Open,-0.20530950267016146
13:02,-177.85,0.5,0.17,0.043,0.0,0.0,Open,0.45498035067354975
13:03,-175.55,0.5,0.16,0.043,0.0,0.0,Open,0.8994070310683498
13:04,-173.23,0.49,0.16,0.043,0.0,0.0,Open,0.491551199149066
13:05,-170.93,0.48,0.16,0.043,0.0,0.0,Open,0.8232776199965375
13:06,-168.62,0.48,0.15,0.043,0.0,0.0,Open,-0.01634624137027474
13:07,-166.32,0.47,0.15,0.043,0.0,0.0,Open,-0.03417642577536495
13:08,-164.03,0.47,0.14,0.043,0.0,0.0,Open,1.0509030234962622
13:09,-161.74,0.46,0.14,0.043,0.0,0.0,Open,0.48466509656212003
13:10,-159.46,0.45,0.14,0.043,0.0,0.0,Open,0.48612227680429
13:11,-157.18,0.45,0.13,0.043,0.0,0.0,Open,0.4602074822440353
13:12,-154.9,0.44,0.13,0.043,0.0,0.0,Open,0.19489688252274084
13:13,-152.63,0.43,0.13,0.044,0.0,0.0,Open,0.1631028303258194
13:14,-150.36,0.43,0.12,0.044,0.0,0.0,Open,0.631024838583592
13:15,-148.1,0.42,0.12,0.044,0.0,0.0,Open,0.4300466244446335
13:16,-145.85,0.41,0.12,0.044,0.0,0.0,Open,0.05070750701338966
13:17,-143.59,0.41,0.11,0.044,0.0,0.0,Open,0.44460894559230524
13:18,-141.35,0.4,0.11,0.044,0.0,0.0,Open,-0.2494867285904533
13:19,-139.11,0.39,0.11,0.044,0.0,0.0,Open,0.4315529639179859
13:20,-136.87,0.39,0.1,0.044,0.0,0.0,Open,0.8026748816003556
13:21,-134.64,0.38,0.1,0.044,0.0,0.0,Open,0.04042171651920329
13:22,-132.41,0.38,0.1,0.044,0.0,0.0,Open,0.496506416529395
13:23,-130.19,0.37,0.09,0.045,0.0,0.0,Open,0.5264148494302183
13:24,-127.98,0.36,0.09,0.045,0.0,0.0,Open,0.24389067813298285
13:25,-125.77,0.36,0.09,0.045,0.0,0.0,Open,-0.07732375872110675
13:26,-123.56,0.35,0.09,0.045,0.0,0.0,Open,0.7907165871089943
13:27,-121.36,0.34,0.08,0.045,0.0,0.0,Open,0.5803131272790553
13:28,-119.17,0.34,0.08,0.045,0.0,0.0,Open,0.474553053231991
13:29,-116.98,0.33,0.08,0.045,0.0,0.0,Open,0.5157341264338188
13:30,-114.8,0.33,0.07,0.045,0.0,0.0,Open,0.5516818540358106
13:31,-112.62,0.32,0.07,0.046,0.0,0.0,Open,0.03317830188229992
13:32,-110.45,0.31,0.07,0.046,0.0,0.0,Open,0.642199694236371
13:33,-108.29,0.31,0.07,0.046,0.0,0.0,Open,0.2009943862673131
13:34,-106.13,0.3,0.06,0.046,0.0,0.0,Open,0.35848664954159276
13:35,-103.98,0.29,0.06,0.046,0.0,0.0,Open,0.06838786411269152
13:36,-101.83,0.29,0.06,0.046,0.0,0.0,Open,0.19616258426744432
13:37,-99.69,0.28,0.06,0.046,0.0,0.0,Open,0.7390195322725102
13:38,-97.56,0.28,0.06,0.047,0.0,0.0,Open,0.4207368906241705
13:39,-95.43,0.27,0.05,0.047,0.0,0.0,Open,0.8488695395477291
13:40,-93.31,0.26,0.05,0.047,0.0,0.0,Open,0.05803170736101851
13:41,-91.19,0.26,0.05,0.047,0.0,0.0,Open,-0.006010486960958572
13:42,-89.09,0.25,0.05,0.047,0.0,0.0,Open,0.00479045973987316
13:43,-86.99,0.25,0.04,0.047,0.0,0.0,Open,0.8009578120623805
13:44,-84.89,0.24,0.04,0.047,0.0,0.0,Open,0.09578835828634824
13:45,-82.81,0.23,0.04,0.048,0.0,0.0,Open,0.6683990763307492
13:46,-80.73,0.23,0.04,0.048,0.0,0.0,Open,0.4557148274992959
13:47,-78.65,0.22,0.04,0.048,0.0,0.0,Open,0.43103994513194105
13:48,-76.59,0.22,0.04,0.048,0.0,0.0,Open,0.22220901868711473
13:49,-74.53,0.21,0.03,0.048,0.0,0.0,Open,0.4961740674775942
13:50,-72.48,0.21,0.03,0.049,0.0,0.0,Open,0.24126027379434495
13:51,-70.44,0.2,0.03,0.049,0.0,0.0,Open,0.275743841438084
13:52,-68.41,0.19,0.03,0.049,0.0,0.0,Open,0.4729494480509901
13:53,-66.38,0.19,0.03,0.049,0.0,0.0,Open,0.09375310059660961
13:54,-64.37,0.18,0.03,0.049,0.0,0.0,Open,0.3059406365097571
13:55,-62.36,0.18,0.02,0.05,0.0,0.0,Open,-0.042304122841556546
13:56,-60.36,0.17,0.02,0.05,0.0,0.0,Open,0.4745197251446802
13:57,-58.37,0.17,0.02,0.05,0.0,0.0,Open,0.21997546429136414
13:58,-56.39,0.16,0.02,0.05,0.0,0.0,Open,-0.28447942195803155
13:59,-54.41,0.15,0.02,0.051,0.0,0.0,Open,0.6517051941793613
14:00,-52.45,0.15,0.02,0.051,0.0,0.0,Open,0.07365141134903495
14:01,-50.5,0.14,0.02,0.051,0.0,0.0,Open,0.21618639587139532
14:02,-48.56,0.14,0.02,0.052,0.0,0.0,Open,0.5289144376747092
14:03,-46.64,0.13,0.01,0.052,0.0,0.0,Open,0.3891081975969203
14:04,-44.73,0.13,0.01,0.052,0.0,0.0,Open,-0.031408421819261956
14:05,-42.82,0.12,0.01,0.053,0.0,0.0,Open,0.6823443998305578
14:06,-40.92,0.12,0.01,0.053,0.0,0.0,Open,-0.07051299852690601
14:07,-39.03,0.11,0.01,0.053,0.0,0.0,Open,0.15117532053039706
14:08,-37.15,0.11,0.01,0.054,0.0,0.0,Open,0.2738517920236887
14:09,-35.28,0.1,0.01,0.054,0.0,0.0,Open,-0.4454890199018563
14:10,-33.42,0.09,0.01,0.055,0.0,0.0,Open,-0.08185594459720894
14:11,-31.58,0.09,0.01,0.055,0.0,0.0,Open,0.44176041228546215
14:12,-29.75,0.08,0.01,0.055,0.0,0.0,Open,-0.15388928813117586
14:13,-27.94,0.08,0.01,0.056,0.0,0.0,Open,0.38247124014972944
14:14,-26.14,0.07,0.0,0.057,0.0,0.0,Open,0.4444210592261166
14:15,-24.35,0.07,0.0,0.057,0.0,0.0,Open,0.6660067908666101
14:16,-22.58,0.06,0.0,0.058,0.0,0.0,Open,0.804316583714866
14:17,-20.82,0.06,0.0,0.058,0.0,0.0,Open,0.32021903644358174
14:18,-19.09,0.05,0.0,0.059,0.0,0.0,Open,0.5400665832197986
14:19,-17.36,0.05,0.0,0.06,0.0,0.0,Open,-0.05892929894434652
14:20,-15.66,0.04,0.0,0.061,0.0,0.0,Open,0.8376854873440566
14:21,-13.97,0.04,0.0,0.062,0.0,0.0,Open,-0.38950116063528784
14:22,-12.31,0.03,0.0,0.063,0.0,0.0,Open,0.13227336084709124
14:23,-10.66,0.03,0.0,0.065,0.0,0.0,Open,-0.10973286988222136
14:24,-9.04,0.03,0.0,0.066,0.0,0.0,Open,0.5686394934049255
14:25,-7.43,0.02,0.0,0.068,0.0,0.0,Open,-0.33782739451240584
14:26,-5.85,0.02,0.0,0.071,0.0,0.0,Open,-0.38840135983021284
14:27,-4.28,0.01,0.0,0.074,0.0,0.0,Open,-0.2414789958352364
14:28,-2.7,0.01,0.0,0.079,0.0,0.0,Open,0.03122302760376107
14:29,-0.96,0.0,0.0,0.092,0.0,0.0,Open,0.04654457671509406
14:30,-0.02,0.0,0.0,0.0,0.0,0.0,Open,-0.3012635944917213
14:31,-0.01,0.0,0.0,0.0,0.0,0.0,Open,-0.06450247542859619
14:32,0.0,0.0,0.0,0.0,0.0,0.0,Open,-0.08445264112729389
14:33,0.0,0.0,0.0,0.0,0.0,0.0,Open,0.142283119424397
14:34,0.0,0.0,0.0,0.0,0.0,0.0,Open,-0.5650706500584356
14:35,0.0,0.0,0.0,0.0,0.0,0.0,Open,0.009197013742683955
14:36,0.0,0.0,0.0,0.0,0.0,0.0,Open,-0.20745730512185656
14:37,0.0,0.0,0.0,0.0,0.0,0.0,Open,-0.15955134776447913
14:38,0.0,0.0,0.0,0.0,0.0,0.0,Open,-0.6564068196631099
14:39,0.0,0.0,0.0,0.0,0.0,0.0,Open,0.0674140315947311
14:40,0.0,0.0,0.0,0.0,0.0,0.0,Open,-0.22188505992753021
14:41,0.0,0.0,0.0,0.0,0.0,0.0,Open,0.10887807289450524
14:42,0.0,0.0,0.0,0.0,0.0,0.0,Open,0.5214308589258371
14:43,0.0,0.0,0.0,0.0,0.0,0.0,Open,0.11015957376370127
14:44,0.0,0.0,0.0,0.0,0.0,0.0,Open,0.041629714167241066
14:45,0.0,0.0,0.0,0.0,0.0,0.0,Open,-0.14050253887989922
14:46,0.0,0.0,0.0,0.0,0.0,0.0,Open,0.112579689473438
14:47,0.0,0.0,0.0,0.0,0.0,0.0,Open,-0.5612267786459374
14:48,0.0,0.0,0.0,0.0,0.0,0.0,Open,0.0410881840629034
14:49,0.0,0.0,0.0,0.0,0.0,0.0,Open,0.3500028226773832
14:50,0.0,0.0,0.0,0.0,0.0,0.0,Open,-0.12144450563337203
14:51,0.0,0.0,0.0,0.0,0.0,0.0,Open,-0.2541158049692347
14:52,0.0,0.0,0.0,0.0,0.0,0.0,Open,-0.30283108248876384
14:53,0.0,0.0,0.0,0.0,0.0,0.0,Open,0.19922586239039458
14:54,0.0,0.0,0.0,0.0,0.0,0.0,Open,0.29638464783083074
14:55,0.0,0.0,0.0,0.0,0.0,0.0,Open,0.335227992464809
14:56,0.0,0.0,0.0,0.0,0.0,0.0,Open,-0.10039527461502891
14:57,0.0,0.0,0.0,0.0,0.0,0.0,Open,-0.04895117712040125
14:58,0.0,0.0,0.0,0.0,0.0,0.0,Open,0.019274967314335454
14:59,0.0,0.0,0.0,0.0,0.0,0.0,Open,0.39470547720872173
15:00,0.0,0.0,0.0,0.0,0.0,0.0,Open,-0.4697988602635263
15:01,0.0,0.0,0.0,0.0,0.0,0.0,Open,0.21828140147051991
15:02,0.0,0.0,0.0,0.0,0.0,0.0,Open,-0.3307858275661907
15:03,0.0,0.0,0.0,0.0,0.0,0.0,Open,0.07938528909990435
15:04,0.0,0.0,0.0,0.0,0.0,0.0,Open,0.07803209110282693
15:05,0.0,0.0,0.0,0.0,0.0,0.0,Open,0.13057591186780468
15:06,0.0,0.0,0.0,0.0,0.0,0.0,Open,0.010961369870644059
15:07,0.0,0.0,0.0,0.0,0.0,0.0,Open,0.06119718335017175
15:08,0.0,0.0,0.0,0.0,0.0,0.0,Open,-0.17486043720173144
15:09,0.0,0.0,0.0,0.0,0.0,0.0,Open,-0.5611904276574494
15:10,0.0,0.0,0.0,0.0,0.0,0.0,Open,0.08222153906611732
15:11,0.0,0.0,0.0,0.0,0.0,0.0,Open,-0.2881715445177147
15:12,0.0,0.0,0.0,0.0,0.0,0.0,Open,0.1686674605073599
15:13,0.0,0.0,0.0,0.0,0.0,0.0,Open,-0.30465656345305914
15:14,0.0,0.0,0.0,0.0,0.0,0.0,Open,0.3449014985408778
15:15,0.0,0.0,0.0,0.0,0.0,0.0,Open,-0.29908091901862854
15:16,0.0,0.0,0.0,0.0,0.0,0.0,Open,-0.48886071866947794
15:17,0.0,0.0,0.0,0.0,0.0,0.0,Open,-0.06353421478820341
15:18,0.0,0.0,0.0,0.0,0.0,0.0,Open,-0.14125619302868275
15:19,0.0,0.0,0.0,0.0,0.0,0.0,Open,0.05954946118275254
15:20,0.0,0.0,0.0,0.0,0.0,0.0,Open,-0.3038060936352619
15:21,0.0,0.0,0.0,0.0,0.0,0.0,Open,-0.14301172799088538
15:22,0.0,0.0,0.0,0.0,0.0,0.0,Open,-0.2059950831016701
15:23,0.0,0.0,0.0,0.0,0.0,0.0,Open,-0.3917532980217592
15:24,0.0,0.0,0.0,0.0,0.0,0.0,Open,0.30762018673454
15:25,0.0,0.0,0.0,0.0,0.0,0.0,Open,0.009010365300173486
15:26,0.0,0.0,0.0,0.0,0.0,0.0,Open,-0.05186122252314168
15:27,0.0,0.0,0.0,0.0,0.0,0.0,Open,0.3267570929324151
15:28,0.0,0.0,0.0,0.0,0.0,0.0,Open,-0.29614157888523557
15:29,0.0,0.0,0.0,0.0,0.0,0.0,Open,-0.09605684578342537
15:30,0.0,0.0,0.0,0.0,0.0,0.0,Open,0.34407035122654506
15:31,0.0,0.0,0.0,0.0,0.0,0.0,Open,-0.08057239840658732
15:32,0.0,0.0,0.0,0.0,0.0,0.0,Open,0.11327619541621076
15:33,0.0,0.0,0.0,0.0,0.0,0.0,Open,-0.19771146544929658
15:34,0.0,0.0,0.0,0.0,0.0,0.0,Open,0.2818609492201834
15:35,0.0,0.0,0.0,0.0,0.0,0.0,Open,-0.38147479484471986
15:36,0.0,0.0,0.0,0.0,0.0,0.0,Open,-0.20188358383085334
15:37,0.0,0.0,0.0,0.0,0.0,0.0,Open,-0.10524582137500499
15:38,0.0,0.0,0.0,0.0,0.0,0.0,Open,0.16546621308629014
15:39,0.0,0.0,0.0,0.0,0.0,0.0,Open,-0.19039271558116722
15:40,0.0,0.0,0.0,0.0,0.0,0.0,Open,0.5002507330921698
15:41,0.0,0.0,0.0,0.0,0.0,0.0,Open,-0.30379553405566223
15:42,0.0,0.0,0.0,0.0,0.0,0.0,Open,-0.3438015611021708
15:43,0.0,0.0,0.0,0.0,0.0,0.0,Open,0.24899126512367767
15:44,0.0,0.0,0.0,0.0,0.0,0.0,Open,-0.6031646904128579
15:45,0.0,0.0,0.0,0.0,0.0,0.0,Open,-0.3640042173395827
15:46,0.0,0.0,0.0,0.0,0.0,0.0,Open,0.18569118279685026
15:47,0.0,0.0,0.0,0.0,0.0,0.0,Open,-0.1677142208355289
15:48,0.0,0.0,0.0,0.0,0.0,0.0,Open,0.20710096166822836
15:49,0.0,0.0,0.0,0.0,0.0,0.0,Open,0.009951284213406804
15:50,0.0,0.0,0.0,0.0,0.0,0.0,Open,0.13190148140676752
15:51,0.0,0.0,0.0,0.0,0.0,0.0,Open,0.1222950862318114
15:52,0.0,0.0,0.0,0.0,0.0,0.0,Open,-0.05984139836993472
15:53,0.0,0.0,0.0,0.0,0.0,0.0,Open,0.06135154586493538
15:54,0.0,0.0,0.0,0.0,0.0,0.0,Open,0.3347287866053376
15:55,0.0,0.0,0.0,0.0,0.0,0.0,Open,-0.6386857049662374
15:56,0.0,0.0,0.0,0.0,0.0,0.0,Open,-0.1227262754483976
15:57,0.0,0.0,0.0,0.0,0.0,0.0,Open,0.07633692568852005
15:58,0.0,0.0,0.0,0.0,0.0,0.0,Open,0.052716117248283706
15:59,0.0,0.0,0.0,0.0,0.0,0.0,Open,-0.001095683665992851
16:00,0.0,0.0,0.0,0.0,0.0,0.0,Open,0.09476540427586734
16:01,0.0,0.0,0.0,0.0,0.0,0.0,Open,0.09311016257986085
16:02,0.0,0.0,0.0,0.0,0.0,0.0,Open,0.4564903092305942
16:03,0.0,0.0,0.0,0.0,0.0,0.0,Open,-0.37577994686549987
16:04,0.0,0.0,0.0,0.0,0.0,0.0,Open,0.28802173228352834
16:05,0.0,0.0,0.0,0.0,0.0,0.0,Open,0.12991880080121465
16:06,0.0,0.0,0.0,0.0,0.0,0.0,Open,-0.3575101881793237
16:07,0.0,0.0,0.0,0.0,0.0,0.0,Open,-0.13613457550688324
16:08,0.0,0.0,0.0,0.0,0.0,0.0,Open,0.3744380481862559
16:09,0.0,0.0,0.0,0.0,0.0,0.0,Open,0.30902359825468523
16:10,0.0,0.0,0.0,0.0,0.0,0.0,Open,-0.5620679470559389
16:11,0.0,0.0,0.0,0.0,0.0,0.0,Open,-0.12387546840131633
16:12,0.0,0.0,0.0,0.0,0.0,0.0,Open,0.14300573048154017
16:13,0.0,0.0,0.0,0.0,0.0,0.0,Open,-0.0991197321589221
16:14,0.0,0.0,0.0,0.0,0.0,0.0,Open,-0.4304278989655016
16:15,0.0,0.0,0.0,0.0,0.0,0.0,Open,-0.15295748353413588
16:16,0.0,0.0,0.0,0.0,0.0,0.0,Open,0.21895905365486729
16:17,0.0,0.0,0.0,0.0,0.0,0.0,Open,-0.027014694705442484
16:18,0.0,0.0,0.0,0.0,0.0,0.0,Open,-0.2896640258600068
16:19,0.0,0.0,0.0,0.0,0.0,0.0,Open,0.10397544649453759
16:20,0.0,0.0,0.0,0.0,0.0,0.0,Open,-0.09213536493077541
16:21,0.0,0.0,0.0,0.0,0.0,0.0,Open,-0.2548217748943084
16:22,0.0,0.0,0.0,0.0,0.0,0.0,Open,-0.1708453814299222
16:23,0.0,0.0,0.0,0.0,0.0,0.0,Open,0.35786041441763533
16:24,0.0,0.0,0.0,0.0,0.0,0.0,Open,0.09198965191953519
16:25,0.0,0.0,0.0,0.0,0.0,0.0,Open,0.09022718542321967
16:26,0.0,0.0,0.0,0.0,0.0,0.0,Open,-0.39599866141835044
16:27,0.0,0.0,0.0,0.0,0.0,0.0,Open,0.2854504893881375
16:28,0.0,0.0,0.0,0.0,0.0,0.0,Open,0.14261586256067033
16:29,0.0,0.0,0.0,0.0,0.0,0.0,Open,0.40152613947478294
16:30,0.0,0.0,0.0,0.0,0.0,0.0,Open,-0.24251919648640996
16:31,0.0,0.0,0.0,0.0,0.0,0.0,Open,-0.682306196014016
16:32,0.0,0.0,0.0,0.0,0.0,0.0,Open,-0.21695738127193787
16:33,0.0,0.0,0.0,0.0,0.0,0.0,Open,0.652888083175684
16:34,0.0,0.0,0.0,0.0,0.0,0.0,Open,0.18001814709583933
16:35,0.0,0.0,0.0,0.0,0.0,0.0,Open,0.23251316363917063
16:36,0.0,0.0,0.0,0.0,0.0,0.0,Open,-0.5143623089535425
16:37,0.0,0.0,0.0,0.0,0.0,0.0,Open,-0.16124107043145355
16:38,0.0,0.0,0.0,0.0,0.0,0.0,Open,0.012315673577417427
16:39,0.0,0.0,0.0,0.0,0.0,0.0,Open,-0.03499067801178288
16:40,0.0,0.0,0.0,0.0,0.0,0.0,Open,-0.45175461655472055
16:41,0.0,0.0,0.0,0.0,0.0,0.0,Open,0.18307183354571238
16:42,0.0,0.0,0.0,0.0,0.0,0.0,Open,0.47597371877292804
16:43,0.0,0.0,0.0,0.0,0.0,0.0,Open,0.6181222023013996
16:44,0.0,0.0,0.0,0.0,0.0,0.0,Open,0.1464446385165457
16:45,0.0,0.0,0.0,0.0,0.0,0.0,Open,-0.16112927955583767
16:46,0.0,0.0,0.0,0.0,0.0,0.0,Open,0.24984995709418392
16:47,0.0,0.0,0.0,0.0,0.0,0.0,Open,0.12904130382890683
16:48,0.0,0.0,0.0,0.0,0.0,0.0,Open,-0.009378180696659631
16:49,0.0,0.0,0.0,0.0,0.0,0.0,Open,-0.3677634325837327
16:50,0.0,0.0,0.0,0.0,0.0,0.0,Open,0.25359819028240754
16:51,0.0,0.0,0.0,0.0,0.0,0.0,Open,-0.14296664443900567
16:52,0.0,0.0,0.0,0.0,0.0,0.0,Open,0.16788661381100214
16:53,0.0,0.0,0.0,0.0,0.0,0.0,Open,-0.4149066818710911
16:54,0.0,0.0,0.0,0.0,0.0,0.0,Open,-0.6847220205107583
16:55,0.0,0.0,0.0,0.0,0.0,0.0,Open,-0.5595535951065377
16:56,0.0,0.0,0.0,0.0,0.0,0.0,Open,-0.403445909977722
16:57,0.0,0.0,0.0,0.0,0.0,0.0,Open,0.2969007419832716
16:58,0.0,0.0,0.0,0.0,0.0,0.0,Open,0.25424640181532726
16:59,0.0,0.0,0.0,0.0,0.0,0.0,Open,-0.18471059798532471
17:00,0.0,0.0,0.0,0.0,0.0,0.0,Open,-0.23362949271113834
17:01,0.0,0.0,0.0,0.0,0.0,0.0,Open,0.3342965418456497
17:02,0.0,0.0,0.0,0.0,0.0,0.0,Open,-0.08308010415610075
17:03,0.0,0.0,0.0,0.0,0.0,0.0,Open,-0.028046257645838645
17:04,0.0,0.0,0.0,0.0,0.0,0.0,Open,0.4933939614776184
17:05,0.0,0.0,0.0,0.0,0.0,0.0,Open,0.09842452046752907
17:06,0.0,0.0,0.0,0.0,0.0,0.0,Open,-0.5886480476732946
17:07,0.0,0.0,0.0,0.0,0.0,0.0,Open,0.2291830479162229
17:08,0.0,0.0,0.0,0.0,0.0,0.0,Open,-0.026775667731909182
17:09,0.0,0.0,0.0,0.0,0.0,0.0,Open,-0.22083785632031955
17:10,0.0,0.0,0.0,0.0,0.0,0.0,Open,-0.10708185368009145
17:11,0.0,0.0,0.0,0.0,0.0,0.0,Open,-0.27430671835496234
17:12,0.0,0.0,0.0,0.0,0.0,0.0,Open,0.23890639581659276
17:13,0.0,0.0,0.0,0.0,0.0,0.0,Open,0.11637763037330705
17:14,0.0,0.0,0.0,0.0,0.0,0.0,Open,-0.18439340841838187
17:15,0.0,0.0,0.0,0.0,0.0,0.0,Open,0.693482054361826
17:16,0.0,0.0,0.0,0.0,0.0,0.0,Open,0.44636153397544415
17:17,0.0,0.0,0.0,0.0,0.0,0.0,Open,0.12907052710224262
17:18,0.0,0.0,0.0,0.0,0.0,0.0,Open,0.17216980524505526
17:19,0.0,0.0,0.0,0.0,0.0,0.0,Open,-0.07840164688554879
17:20,0.0,0.0,0.0,0.0,0.0,0.0,Open,-0.016953406478084253
17:21,0.0,0.0,0.0,0.0,0.0,0.0,Open,0.038685145805922645
17:22,0.0,0.0,0.0,0.0,0.0,0.0,Open,-0.23164510514121475
17:23,0.0,0.0,0.0,0.0,0.0,0.0,Open,0.4883960104707187
17:24,0.0,0.0,0.0,0.0,0.0,0.0,Open,-0.23800434701481257
17:25,0.0,0.0,0.0,0.0,0.0,0.0,Open,0.043295917835613346
17:26,0.0,0.0,0.0,0.0,0.0,0.0,Open,-0.3357802645639387
17:27,0.0,0.0,0.0,0.0,0.0,0.0,Open,-0.4107038044537408
17:28,0.0,0.0,0.0,0.0,0.0,0.0,Open,0.39924446961182763
17:29,0.0,0.0,0.0,0.0,0.0,0.0,Open,-0.4957415956439247
17:30,0.0,0.0,0.0,0.0,0.0,0.0,Open,0.2816892232673222
17:31,0.0,0.0,0.0,0.0,0.0,0.0,Open,0.07594017256853723
17:32,0.0,0.0,0.0,0.0,0.0,0.0,Open,-0.1304137456343735
17:33,0.0,0.0,0.0,0.0,0.0,0.0,Open,0.11971859144351758
17:34,0.0,0.0,0.0,0.0,0.0,0.0,Open,0.2352488305772533
17:35,0.0,0.0,0.0,0.0,0.0,0.0,Open,-0.10969109857627969
17:36,0.0,0.0,0.0,0.0,0.0,0.0,Open,0.0015578551454562969
17:37,0.0,0.0,0.0,0.0,0.0,0.0,Open,-0.2675989080265842
17:38,0.0,0.0,0.0,0.0,0.0,0.0,Open,0.08880793472113456
17:39,0.0,0.0,0.0,0.0,0.0,0.0,Open,-0.15677207768567517
17:40,0.0,0.0,0.0,0.0,0.0,0.0,Open,-0.11703649066774571
17:41,0.0,0.0,0.0,0.0,0.0,0.0,Open,-0.009911035222745765
17:42,0.0,0.0,0.0,0.0,0.0,0.0,Open,0.12458031670023445
17:43,0.0,0.0,0.0,0.0,0.0,0.0,Open,0.30149534873610273
17:44,0.0,0.0,0.0,0.0,0.0,0.0,Open,-0.02709802278949007
17:45,0.0,0.0,0.0,0.0,0.0,0.0,Open,0.36084503803516454
17:46,0.0,0.0,0.0,0.0,0.0,0.0,Open,-0.14301463809470044
17:47,0.0,0.0,0.0,0.0,0.0,0.0,Open,-0.3642776348681842
17:48,0.0,0.0,0.0,0.0,0.0,0.0,Open,-0.6186254741151265
17:49,0.0,0.0,0.0,0.0,0.0,0.0,Open,0.3318428341014596
17:50,0.0,0.0,0.0,0.0,0.0,0.0,Open,-0.5575203354435364
17:51,0.0,0.0,0.0,0.0,0.0,0.0,Open,-0.0669000197538527
17:52,0.0,0.0,0.0,0.0,0.0,0.0,Open,0.488888908069467
17:53,0.0,0.0,0.0,0.0,0.0,0.0,Open,0.49192146269095594
17:54,0.0,0.0,0.0,0.0,0.0,0.0,Open,-0.3500745137224418
17:55,0.0,0.0,0.0,0.0,0.0,0.0,Open,0.5351192076077518
17:56,0.0,0.0,0.0,0.0,0.0,0.0,Open,-0.4165593799313069
17:57,0.0,0.0,0.0,0.0,0.0,0.0,Open,0.5800784655277085
17:58,0.0,0.0,0.0,0.0,0.0,0.0,Open,0.2129970432410828
17:59,0.0,0.0,0.0,0.0,0.0,0.0,Open,-0.03632985252089031
18:00,0.0,0.0,0.0,0.0,0.0,0.0,Open,-0.0539735150277204
18:01,0.0,0.0,0.0,0.0,0.0,0.0,Open,0.07990932215073393
18:02,0.0,0.0,0.0,0.0,0.0,0.0,Open,-0.2051465550654273
18:03,0.0,0.0,0.0,0.0,0.0,0.0,Open,-0.23006359554886438
18:04,0.0,0.0,0.0,0.0,0.0,0.0,Open,0.16357926574686787
18:05,0.0,0.0,0.0,0.0,0.0,0.0,Open,-0.07109122976069503
18:06,0.0,0.0,0.0,0.0,0.0,0.0,Open,-0.3461068483260786
18:07,0.0,0.0,0.0,0.0,0.0,0.0,Open,-0.05280014499053056
18:08,0.0,0.0,0.0,0.0,0.0,0.0,Open,-0.3302979449385022
18:09,0.0,0.0,0.0,0.0,0.0,0.0,Open,0.21889812716267718
18:10,0.0,0.0,0.0,0.0,0.0,0.0,Open,-0.14120572729476605
18:11,0.0,0.0,0.0,0.0,0.0,0.0,Open,-0.27953225591779773
18:12,0.0,0.0,0.0,0.0,0.0,0.0,Open,-0.1561420015653822
18:13,0.0,0.0,0.0,0.0,0.0,0.0,Open,-0.5088982125503677
18:14,0.0,0.0,0.0,0.0,0.0,0.0,Open,0.08159231239171559
18:15,0.0,0.0,0.0,0.0,0.0,0.0,Open,-0.08144065682114673
18:16,0.0,0.0,0.0,0.0,0.0,0.0,Open,0.3705920756643802
18:17,0.0,0.0,0.0,0.0,0.0,0.0,Open,0.05479805592149671
18:18,0.0,0.0,0.0,0.0,0.0,0.0,Open,-0.474217701786551
18:19,0.0,0.0,0.0,0.0,0.0,0.0,Open,0.40401316767696693
18:20,0.0,0.0,0.0,0.0,0.0,0.0,Open,0.14460487702923006
18:21,0.0,0.0,0.0,0.0,0.0,0.0,Open,-0.09104423882657449
18:22,0.0,0.0,0.0,0.0,0.0,0.0,Open,-0.6626278607466928
18:23,0.0,0.0,0.0,0.0,0.0,0.0,Open,0.18132471933840547
18:24,0.0,0.0,0.0,0.0,0.0,0.0,Open,0.23761485315670475
18:25,0.0,0.0,0.0,0.0,0.0,0.0,Open,0.09666158877815424
18:26,0.0,0.0,0.0,0.0,0.0,0.0,Open,-0.056718295346555474
18:27,0.0,0.0,0.0,0.0,0.0,0.0,Open,0.10532473317062958
18:28,0.0,0.0,0.0,0.0,0.0,0.0,Open,-0.5115475390068464
18:29,0.0,0.0,0.0,0.0,0.0,0.0,Open,0.1664322316117365
18:30,0.0,0.0,0.0,0.0,0.0,0.0,Open,0.05213703957509497
18:31,0.0,0.0,0.0,0.0,0.0,0.0,Open,-0.25456208051832496
18:32,0.0,0.0,0.0,0.0,0.0,0.0,Open,0.5026661271740788
18:33,0.0,0.0,0.0,0.0,0.0,0.0,Open,0.13443557079696034
18:34,0.0,0.0,0.0,0.0,0.0,0.0,Open,-0.013410715231432472
18:35,0.0,0.0,0.0,0.0,0.0,0.0,Open,-0.07824359701776673
18:36,0.0,0.0,0.0,0.0,0.0,0.0,Open,0.13472454903205983
18:37,0.0,0.0,0.0,0.0,0.0,0.0,Open,-0.3743221244532699
18:38,0.0,0.0,0.0,0.0,0.0,0.0,Open,-0.4070931554593065
18:39,0.0,0.0,0.0,0.0,0.0,0.0,Open,0.08695262385154535
18:40,0.0,0.0,0.0,0.0,0.0,0.0,Open,0.0857043033806883
18:41,0.0,0.0,0.0,0.0,0.0,0.0,Open,0.34940341932482216
18:42,0.0,0.0,0.0,0.0,0.0,0.0,Open,-0.17159813514716868
18:43,0.0,0.0,0.0,0.0,0.0,0.0,Open,0.351690242773856
18:44,0.0,0.0,0.0,0.0,0.0,0.0,Open,0.40034161810417623
18:45,0.0,0.0,0.0,0.0,0.0,0.0,Open,-0.2153667635618636
18:46,0.0,0.0,0.0,0.0,0.0,0.0,Open,-0.4850005796749513
18:47,0.0,0.0,0.0,0.0,0.0,0.0,Open,-0.021493494949868987
18:48,0.0,0.0,0.0,0.0,0.0,0.0,Open,-0.41485750272330624
18:49,0.0,0.0,0.0,0.0,0.0,0.0,Open,-0.06394741833586269
18:50,0.0,0.0,0.0,0.0,0.0,0.0,Open,-0.24437823225991986
18:51,0.0,0.0,0.0,0.0,0.0,0.0,Open,0.1444889341815297
18:52,0.0,0.0,0.0,0.0,0.0,0.0,Open,0.007782835084844871
18:53,0.0,0.0,0.0,0.0,0.0,0.0,Open,-0.049609304123238725
18:54,0.0,0.0,0.0,0.0,0.0,0.0,Open,-0.7125085236425751
18:55,0.0,0.0,0.0,0.0,0.0,0.0,Open,-0.5578016772332417
18:56,0.0,0.0,0.0,0.0,0.0,0.0,Open,0.45985305573253904
18:57,0.0,0.0,0.0,0.0,0.0,0.0,Open,0.44304605380779855
18:58,0.0,0.0,0.0,0.0,0.0,0.0,Open,-0.3423185596431182
18:59,0.0,0.0,0.0,0.0,0.0,0.0,Open,0.09177036823070334
19:00,0.0,0.0,0.0,0.0,0.0,0.0,Open,0.7168450494314202
19:01,0.0,0.0,0.0,0.0,0.0,0.0,Open,-0.10009597956409803
19:02,0.0,0.0,0.0,0.0,0.0,0.0,Open,0.46040992450768886
19:03,0.0,0.0,0.0,0.0,0.0,0.0,Open,-0.3359373659484838
19:04,0.0,0.0,0.0,0.0,0.0,0.0,Open,-0.1739841824965135
19:05,0.0,0.0,0.0,0.0,0.0,0.0,Open,0.2152074432191755
19:06,0.0,0.0,0.0,0.0,0.0,0.0,Open,0.18041084167172927
19:07,0.0,0.0,0.0,0.0,0.0,0.0,Open,-0.16595542625525248
19:08,0.0,0.0,0.0,0.0,0.0,0.0,Open,-0.07766456512775523
19:09,0.0,0.0,0.0,0.0,0.0,0.0,Open,0.2518501414854151
19:10,0.0,0.0,0.0,0.0,0.0,0.0,Open,-0.36566442634151175
19:11,0.0,0.0,0.0,0.0,0.0,0.0,Open,-0.5974093282449422
19:12,0.0,0.0,0.0,0.0,0.0,0.0,Open,0.13982196104903297
19:13,0.0,0.0,0.0,0.0,0.0,0.0,Open,0.3878453937212575
19:14,0.0,0.0,0.0,0.0,0.0,0.0,Open,-0.0904460599248286
19:15,0.0,0.0,0.0,0.0,0.0,0.0,Open,0.38672609049777135
19:16,0.0,0.0,0.0,0.0,0.0,0.0,Open,-0.20936519486943816
19:17,0.0,0.0,0.0,0.0,0.0,0.0,Open,-0.09176219840397339
19:18,0.0,0.0,0.0,0.0,0.0,0.0,Open,-0.11827029707582012
19:19,0.0,0.0,0.0,0.0,0.0,0.0,Open,-0.026336956778870727
19:20,0.0,0.0,0.0,0.0,0.0,0.0,Open,-0.04102347741511348
19:21,0.0,0.0,0.0,0.0,0.0,0.0,Open,-0.17074675230800437
19:22,0.0,0.0,0.0,0.0,0.0,0.0,Open,-0.43377806438353567
19:23,0.0,0.0,0.0,0.0,0.0,0.0,Open,-0.08305651088714322
19:24,0.0,0.0,0.0,0.0,0.0,0.0,Open,0.20367928018381676
19:25,0.0,0.0,0.0,0.0,0.0,0.0,Open,-0.14132808249196432
19:26,0.0,0.0,0.0,0.0,0.0,0.0,Open,-0.13332524173221594
19:27,0.0,0.0,0.0,0.0,0.0,0.0,Open,0.3161724160069621
19:28,0.0,0.0,0.0,0.0,0.0,0.0,Open,0.19844676843554407
19:29,0.0,0.0,0.0,0.0,0.0,0.0,Open,0.3985984474304141
19:30,0.0,0.0,0.0,0.0,0.0,0.0,Open,0.7523568328527233
19:31,0.0,0.0,0.0,0.0,0.0,0.0,Open,0.18913557970147077
19:32,0.0,0.0,0.0,0.0,0.0,0.0,Open,0.37950507962159696
19:33,0.0,0.0,0.0,0.0,0.0,0.0,Open,0.10868293664619207
19:34,0.0,0.0,0.0,0.0,0.0,0.0,Open,-0.28216318860426426
19:35,0.0,0.0,0.0,0.0,0.0,0.0,Open,-0.13883945943190695
19:36,0.0,0.0,0.0,0.0,0.0,0.0,Open,-0.1071354925393136
19:37,0.0,0.0,0.0,0.0,0.0,0.0,Open,-0.27086137483755335
19:38,0.0,0.0,0.0,0.0,0.0,0.0,Open,-0.06990501764306022
19:39,0.0,0.0,0.0,0.0,0.0,0.0,Open,0.027300178982638472
19:40,0.0,0.0,0.0,0.0,0.0,0.0,Open,0.19569219858435022
19:41,0.0,0.0,0.0,0.0,0.0,0.0,Open,-0.017464391791385397
19:42,0.0,0.0,0.0,0.0,0.0,0.0,Open,-0.36698125524251357
19:43,0.0,0.0,0.0,0.0,0.0,0.0,Open,-0.25341233965457893
19:44,0.0,0.0,0.0,0.0,0.0,0.0,Open,0.1378515658254358
19:45,0.0,0.0,0.0,0.0,0.0,0.0,Open,0.3929123663899068
19:46,0.0,0.0,0.0,0.0,0.0,0.0,Open,0.33609171136677196
19:47,0.0,0.0,0.0,0.0,0.0,0.0,Open,-0.28997211048224375
19:48,0.0,0.0,0.0,0.0,0.0,0.0,Open,0.3613738327163676
19:49,0.0,0.0,0.0,0.0,0.0,0.0,Open,0.5197399318889535
19:50,0.0,0.0,0.0,0.0,0.0,0.0,Open,-0.07757102751452853
19:51,0.0,0.0,0.0,0.0,0.0,0.0,Open,0.29377893956360046
19:52,0.0,0.0,0.0,0.0,0.0,0.0,Open,-0.0009691017956011422
19:53,0.0,0.0,0.0,0.0,0.0,0.0,Open,-0.10991571004487326
19:54,0.0,0.0,0.0,0.0,0.0,0.0,Open,-0.4810602606485789
19:55,0.0,0.0,0.0,0.0,0.0,0.0,Open,0.037577740097490535
19:56,0.0,0.0,0.0,0.0,0.0,0.0,Open,-0.6127771514315715
19:57,0.0,0.0,0.0,0.0,0.0,0.0,Open,-0.039360601752371785
19:58,0.0,0.0,0.0,0.0,0.0,0.0,Open,0.33800182444464316
19:59,0.0,0.0,0.0,0.0,0.0,0.0,Open,0.2118124118128652
20:00,0.0,0.0,0.0,0.0,0.0,0.0,Open,0.8572369065674588
20:01,0.0,0.0,0.0,0.0,0.0,0.0,Open,0.24686746890536768
20:02,0.0,0.0,0.0,0.0,0.0,0.0,Open,-0.06995742061958986
20:03,0.0,0.0,0.0,0.0,0.0,0.0,Open,0.6353957671064887
20:04,0.0,0.0,0.0,0.0,0.0,0.0,Open,-0.5831281409434008
20:05,0.0,0.0,0.0,0.0,0.0,0.0,Open,-0.023635344603368417
20:06,0.0,0.0,0.0,0.0,0.0,0.0,Open,-0.1748559012179318
20:07,0.0,0.0,0.0,0.0,0.0,0.0,Open,0.2649374098811277
20:08,0.0,0.0,0.0,0.0,0.0,0.0,Open,0.04937291309811127
20:09,0.0,0.0,0.0,0.0,0.0,0.0,Open,0.043813383655079724
20:10,0.0,0.0,0.0,0.0,0.0,0.0,Open,-0.45989884816905774
20:11,0.0,0.0,0.0,0.0,0.0,0.0,Open,0.12682136841339442
20:12,0.0,0.0,0.0,0.0,0.0,0.0,Open,0.024692866254311746
20:13,0.0,0.0,0.0,0.0,0.0,0.0,Open,0.34549171644090143
20:14,0.0,0.0,0.0,0.0,0.0,0.0,Open,-0.040020856701453264
20:15,0.0,0.0,0.0,0.0,0.0,0.0,Open,-0.42800172390462476
20:16,0.0,0.0,0.0,0.0,0.0,0.0,Open,-0.28872412997371133
20:17,0.0,0.0,0.0,0.0,0.0,0.0,Open,-0.09835248216332604
20:18,0.0,0.0,0.0,0.0,0.0,0.0,Open,0.2292671289527245
20:19,0.0,0.0,0.0,0.0,0.0,0.0,Open,0.16448569044984582
20:20,0.0,0.0,0.0,0.0,0.0,0.0,Open,0.3635354010500553
20:21,0.0,0.0,0.0,0.0,0.0,0.0,Open,0.13218373435247793
20:22,0.0,0.0,0.0,0.0,0.0,0.0,Open,-0.1869807391630462
20:23,0.0,0.0,0.0,0.0,0.0,0.0,Open,0.006677744924981409
20:24,0.0,0.0,0.0,0.0,0.0,0.0,Open,-0.3657665876433025
20:25,0.0,0.0,0.0,0.0,0.0,0.0,Open,0.1677659160480984
20:26,0.0,0.0,0.0,0.0,0.0,0.0,Open,0.04069983691149
20:27,0.0,0.0,0.0,0.0,0.0,0.0,Open,0.42507654069435863
20:28,0.0,0.0,0.0,0.0,0.0,0.0,Open,-0.02251872604816568
20:29,0.0,0.0,0.0,0.0,0.0,0.0,Open,0.24822892558474546
20:30,0.0,0.0,0.0,0.0,0.0,0.0,Open,0.12789842961712813
20:31,0.0,0.0,0.0,0.0,0.0,0.0,Open,-0.028426145166742297
20:32,0.0,0.0,0.0,0.0,0.0,0.0,Open,-0.2718641050171962
20:33,0.0,0.0,0.0,0.0,0.0,0.0,Open,0.6551981191706765
20:34,0.0,0.0,0.0,0.0,0.0,0.0,Open,0.02506683066919014
20:35,0.0,0.0,0.0,0.0,0.0,0.0,Open,-0.434596363438391
20:36,0.0,0.0,0.0,0.0,0.0,0.0,Open,0.32814922815530984
20:37,0.0,0.0,0.0,0.0,0.0,0.0,Open,0.13724079735548755
20:38,0.0,0.0,0.0,0.0,0.0,0.0,Open,-0.021122145074224687
20:39,0.0,0.0,0.0,0.0,0.0,0.0,Open,0.10997707595453965
20:40,0.0,0.0,0.0,0.0,0.0,0.0,Open,-0.5788148947748941
20:41,0.0,0.0,0.0,0.0,0.0,0.0,Open,0.3104118354589899
20:42,0.0,0.0,0.0,0.0,0.0,0.0,Open,-0.5642604681424476
20:43,0.0,0.0,0.0,0.0,0.0,0.0,Open,-0.10946539590049181
20:44,0.0,0.0,0.0,0.0,0.0,0.0,Open,0.10448042389553994
20:45,0.0,0.0,0.0,0.0,0.0,0.0,Open,-0.5611536850673967
20:46,0.0,0.0,0.0,0.0,0.0,0.0,Open,0.23047718997902603
20:47,0.0,0.0,0.0,0.0,0.0,0.0,Open,0.3453379005477137
20:48,0.0,0.0,0.0,0.0,0.0,0.0,Open,0.2726863447520434
20:49,0.0,0.0,0.0,0.0,0.0,0.0,Open,-0.04056461123795211
20:50,0.0,0.0,0.0,0.0,0.0,0.0,Open,-0.30958427587869375
20:51,0.0,0.0,0.0,0.0,0.0,0.0,Open,0.18270742190556735
20:52,0.0,0.0,0.0,0.0,0.0,0.0,Open,0.2629129114543575
20:53,0.0,0.0,0.0,0.0,0.0,0.0,Open,0.13566593950810002
20:54,0.0,0.0,0.0,0.0,0.0,0.0,Open,0.01794474785634961
20:55,0.0,0.0,0.0,0.0,0.0,0.0,Open,-0.7368562159310664
20:56,0.0,0.0,0.0,0.0,0.0,0.0,Open,-0.14656926987207042
20:57,0.0,0.0,0.0,0.0,0.0,0.0,Open,-0.114480256596494
20:58,0.0,0.0,0.0,0.0,0.0,0.0,Open,0.04494332831144761
20:59,0.0,0.0,0.0,0.0,0.0,0.0,Open,-0.013362919568320773
21:00,0.0,0.0,0.0,0.0,0.0,0.0,Open,-0.5789934731609583
21:01,0.0,0.0,0.0,0.0,0.0,0.0,Open,-0.4006698938928987
21:02,0.0,0.0,0.0,0.0,0.0,0.0,Open,-0.37415782819229254
21:03,0.0,0.0,0.0,0.0,0.0,0.0,Open,0.10797092679766493
21:04,0.0,0.0,0.0,0.0,0.0,0.0,Open,0.0683931410668347
21:05,0.0,0.0,0.0,0.0,0.0,0.0,Open,0.033243257797494784
21:06,0.0,0.0,0.0,0.0,0.0,0.0,Open,-0.2141648127203789
21:07,0.0,0.0,0.0,0.0,0.0,0.0,Open,0.23322680405013693
21:08,0.0,0.0,0.0,0.0,0.0,0.0,Open,0.6847259883383322
21:09,0.0,0.0,0.0,0.0,0.0,0.0,Open,-0.047769323290326134
21:10,0.0,0.0,0.0,0.0,0.0,0.0,Open,0.05799100818809833
21:11,0.0,0.0,0.0,0.0,0.0,0.0,Open,-0.010455514535289208
21:12,0.0,0.0,0.0,0.0,0.0,0.0,Open,0.3708200738633671
21:13,0.0,0.0,0.0,0.0,0.0,0.0,Open,-0.17818354200611472
21:14,0.0,0.0,0.0,0.0,0.0,0.0,Open,-0.08185013788900494
21:15,0.0,0.0,0.0,0.0,0.0,0.0,Open,0.2872755372036693
21:16,0.0,0.0,0.0,0.0,0.0,0.0,Open,-0.001251240066479279
21:17,0.0,0.0,0.0,0.0,0.0,0.0,Open,0.01705814592189778
21:18,0.0,0.0,0.0,0.0,0.0,0.0,Open,-0.28278143937576566
21:19,0.0,0.0,0.0,0.0,0.0,0.0,Open,-0.35018849787865763
21:20,0.0,0.0,0.0,0.0,0.0,0.0,Open,-0.13734986664431773
21:21,0.0,0.0,0.0,0.0,0.0,0.0,Open,0.42089302708220455
21:22,0.0,0.0,0.0,0.0,0.0,0.0,Open,0.5169709164310706
21:23,0.0,0.0,0.0,0.0,0.0,0.0,Open,-0.2633497828447767
21:24,0.0,0.0,0.0,0.0,0.0,0.0,Open,-0.058774058200133525
21:25,0.0,0.0,0.0,0.0,0.0,0.0,Open,-0.24557031081006056
21:26,0.0,0.0,0.0,0.0,0.0,0.0,Open,-0.13551362726311517
21:27,0.0,0.0,0.0,0.0,0.0,0.0,Open,-0.40550770282268184
21:28,0.0,0.0,0.0,0.0,0.0,0.0,Open,0.05657534720168012
21:29,0.0,0.0,0.0,0.0,0.0,0.0,Open,0.2758833865420489
21:30,0.0,0.0,0.0,0.0,0.0,0.0,Open,-0.1748221503225739
21:31,0.0,0.0,0.0,0.0,0.0,0.0,Open,0.4516181497405383
21:32,0.0,0.0,0.0,0.0,0.0,0.0,Open,-0.33877183910906056
21:33,0.0,0.0,0.0,0.0,0.0,0.0,Open,0.7311372073010565
21:34,0.0,0.0,0.0,0.0,0.0,0.0,Open,-0.13559808444450613
21:35,0.0,0.0,0.0,0.0,0.0,0.0,Open,-0.1272402333712825
21:36,0.0,0.0,0.0,0.0,0.0,0.0,Open,-0.13004753486678391
21:37,0.0,0.0,0.0,0.0,0.0,0.0,Open,0.5529348689999874
21:38,0.0,0.0,0.0,0.0,0.0,0.0,Open,0.1423508179966855
21:39,0.0,0.0,0.0,0.0,0.0,0.0,Open,0.08787279531588377
21:40,0.0,0.0,0.0,0.0,0.0,0.0,Open,-0.1915068859737821
21:41,0.0,0.0,0.0,0.0,0.0,0.0,Open,-0.4349095623564203
21:42,0.0,0.0,0.0,0.0,0.0,0.0,Open,-0.16604409467136408
21:43,0.0,0.0,0.0,0.0,0.0,0.0,Open,0.03299193138301617
21:44,0.0,0.0,0.0,0.0,0.0,0.0,Open,-0.36293083973339846
21:45,0.0,0.0,0.0,0.0,0.0,0.0,Open,0.4915162847938058
21:46,0.0,0.0,0.0,0.0,0.0,0.0,Open,0.4168737851138908
21:47,0.0,0.0,0.0,0.0,0.0,0.0,Open,-0.4656681734433972
21:48,0.0,0.0,0.0,0.0,0.0,0.0,Open,-0.14531680113759438
21:49,0.0,0.0,0.0,0.0,0.0,0.0,Open,-0.11830331152599832
21:50,0.0,0.0,0.0,0.0,0.0,0.0,Open,0.3023945513650398
21:51,0.0,0.0,0.0,0.0,0.0,0.0,Open,-0.09569944558497552
21:52,0.0,0.0,0.0,0.0,0.0,0.0,Open,-0.0012293443914306564
21:53,0.0,0.0,0.0,0.0,0.0,0.0,Open,-0.3879186725395328
21:54,0.0,0.0,0.0,0.0,0.0,0.0,Open,0.07248810143556432
21:55,0.0,0.0,0.0,0.0,0.0,0.0,Open,0.3661059558456485
21:56,0.0,0.0,0.0,0.0,0.0,0.0,Open,-0.15102839893868406
21:57,0.0,0.0,0.0,0.0,0.0,0.0,Open,0.10487928676726863
21:58,0.0,0.0,0.0,0.0,0.0,0.0,Open,-0.6738314558213672
21:59,0.0,0.0,0.0,0.0,0.0,0.0,Open,-0.045312749070744375
22:00,0.0,0.0,0.0,0.0,0.0,0.0,Open,-0.2091454637426348
22:01,0.0,0.0,0.0,0.0,0.0,0.0,Open,0.23478134691985603
22:02,0.0,0.0,0.0,0.0,0.0,0.0,Open,-0.009582424318516915
22:03,0.0,0.0,0.0,0.0,0.0,0.0,Open,0.13426249246523575
22:04,0.0,0.0,0.0,0.0,0.0,0.0,Open,0.26780447606822255
22:05,0.0,0.0,0.0,0.0,0.0,0.0,Open,-0.36568841729216267
22:06,0.0,0.0,0.0,0.0,0.0,0.0,Open,0.08504924198388764
22:07,0.0,0.0,0.0,0.0,0.0,0.0,Open,-0.29345576357554753
22:08,0.0,0.0,0.0,0.0,0.0,0.0,Open,0.025452745473994395
22:09,0.0,0.0,0.0,0.0,0.0,0.0,Open,-0.3512998043082108
22:10,0.0,0.0,0.0,0.0,0.0,0.0,Open,-0.3705807632947943
22:11,0.0,0.0,0.0,0.0,0.0,0.0,Open,-0.14545234329204745
22:12,0.0,0.0,0.0,0.0,0.0,0.0,Open,0.06239097283707823
22:13,0.0,0.0,0.0,0.0,0.0,0.0,Open,-0.226494774088751
22:14,0.0,0.0,0.0,0.0,0.0,0.0,Open,0.4131962020071053
22:15,0.0,0.0,0.0,0.0,0.0,0.0,Open,0.12885616323306143
22:16,0.0,0.0,0.0,0.0,0.0,0.0,Open,-0.09189994335207145
22:17,0.0,0.0,0.0,0.0,0.0,0.0,Open,-0.04877528497550138
22:18,0.0,0.0,0.0,0.0,0.0,0.0,Open,0.08458282481761169
22:19,0.0,0.0,0.0,0.0,0.0,0.0,Open,0.44112707866083223
22:20,0.0,0.0,0.0,0.0,0.0,0.0,Open,-0.17495685926849353
22:21,0.0,0.0,0.0,0.0,0.0,0.0,Open,0.4382767643262982
22:22,0.0,0.0,0.0,0.0,0.0,0.0,Open,0.8333648891062387
22:23,0.0,0.0,0.0,0.0,0.0,0.0,Open,-0.15565591211283872
22:24,0.0,0.0,0.0,0.0,0.0,0.0,Open,0.4077405789360253
22:25,0.0,0.0,0.0,0.0,0.0,0.0,Open,0.03900752832465942
22:26,0.0,0.0,0.0,0.0,0.0,0.0,Open,-0.5663358027489218
22:27,0.0,0.0,0.0,0.0,0.0,0.0,Open,0.15567433204927372
22:28,0.0,0.0,0.0,0.0,0.0,0.0,Open,0.13739570388993486
22:29,0.0,0.0,0.0,0.0,0.0,0.0,Open,0.1133924740727114
22:30,0.0,0.0,0.0,0.0,0.0,0.0,Open,-0.615244490028247
22:31,0.0,0.0,0.0,0.0,0.0,0.0,Open,0.21962506558003744
22:32,0.0,0.0,0.0,0.0,0.0,0.0,Open,0.420806345820249
22:33,0.0,0.0,0.0,0.0,0.0,0.0,Open,-0.04215998541198516
22:34,0.0,0.0,0.0,0.0,0.0,0.0,Open,0.13090698562412617
22:35,0.0,0.0,0.0,0.0,0.0,0.0,Open,-0.29519176597863167
22:36,0.0,0.0,0.0,0.0,0.0,0.0,Open,0.024705188179203103
22:37,0.0,0.0,0.0,0.0,0.0,0.0,Open,0.3202395775286569
22:38,0.0,0.0,0.0,0.0,0.0,0.0,Open,-0.0340124945582783
22:39,0.0,0.0,0.0,0.0,0.0,0.0,Open,0.39866073608115393
22:40,0.0,0.0,0.0,0.0,0.0,0.0,Open,-0.49014418676257804
22:41,0.0,0.0,0.0,0.0,0.0,0.0,Open,-0.287449893776691
22:42,0.0,0.0,0.0,0.0,0.0,0.0,Open,0.5000573455692412
22:43,0.0,0.0,0.0,0.0,0.0,0.0,Open,0.17788584185617698
22:44,0.0,0.0,0.0,0.0,0.0,0.0,Open,-0.4428420337263384
22:45,0.0,0.0,0.0,0.0,0.0,0.0,Open,0.04399834358508353
22:46,0.0,0.0,0.0,0.0,0.0,0.0,Open,0.07190636448547594
22:47,0.0,0.0,0.0,0.0,0.0,0.0,Open,-0.09052172911502633
22:48,0.0,0.0,0.0,0.0,0.0,0.0,Open,-0.09619314769671104
22:49,0.0,0.0,0.0,0.0,0.0,0.0,Open,0.6211456486935865
22:50,0.0,0.0,0.0,0.0,0.0,0.0,Open,-0.47703840327500163
22:51,0.0,0.0,0.0,0.0,0.0,0.0,Open,0.07530314191376675
22:52,0.0,0.0,0.0,0.0,0.0,0.0,Open,-0.27229156991859227
22:53,0.0,0.0,0.0,0.0,0.0,0.0,Open,0.6097589867761714
22:54,0.0,0.0,0.0,0.0,0.0,0.0,Open,0.2636755700200258
22:55,0.0,0.0,0.0,0.0,0.0,0.0,Open,0.26163303407414285
22:56,0.0,0.0,0.0,0.0,0.0,0.0,Open,0.023581365020505923
22:57,0.0,0.0,0.0,0.0,0.0,0.0,Open,-0.2239863002202416
22:58,0.0,0.0,0.0,0.0,0.0,0.0,Open,-0.1734805626691278
22:59,0.0,0.0,0.0,0.0,0.0,0.0,Open,0.08059846245007372
23:00,0.0,0.0,0.0,0.0,0.0,0.0,Open,0.42264894294332456
23:01,0.0,0.0,0.0,0.0,0.0,0.0,Open,0.45359672029397685
23:02,0.0,0.0,0.0,0.0,0.0,0.0,Open,-0.0832936027853797
23:03,0.0,0.0,0.0,0.0,0.0,0.0,Open,0.2727991692544069
23:04,0.0,0.0,0.0,0.0,0.0,0.0,Open,-0.38973932254702515
23:05,0.0,0.0,0.0,0.0,0.0,0.0,Open,0.8098442653379905
23:06,0.0,0.0,0.0,0.0,0.0,0.0,Open,-0.2605941707528237
23:07,0.0,0.0,0.0,0.0,0.0,0.0,Open,-0.4199099092790287
23:08,0.0,0.0,0.0,0.0,0.0,0.0,Open,-0.03908198222816808
23:09,0.0,0.0,0.0,0.0,0.0,0.0,Open,-0.0571772887179671
23:10,0.0,0.0,0.0,0.0,0.0,0.0,Open,-0.025911049587429073
23:11,0.0,0.0,0.0,0.0,0.0,0.0,Open,-0.3512422167774717
23:12,0.0,0.0,0.0,0.0,0.0,0.0,Open,-0.06315801219244409
23:13,0.0,0.0,0.0,0.0,0.0,0.0,Open,0.04106122478134563
23:14,0.0,0.0,0.0,0.0,0.0,0.0,Open,0.05112408641140721
23:15,0.0,0.0,0.0,0.0,0.0,0.0,Open,-0.3075685903285882
23:16,0.0,0.0,0.0,0.0,0.0,0.0,Open,0.15197038774552835
23:17,0.0,0.0,0.0,0.0,0.0,0.0,Open,-0.2379307695041139
23:18,0.0,0.0,0.0,0.0,0.0,0.0,Open,0.58785891943638
23:19,0.0,0.0,0.0,0.0,0.0,0.0,Open,0.5689877536166384
23:20,0.0,0.0,0.0,0.0,0.0,0.0,Open,-0.063912414514665
23:21,0.0,0.0,0.0,0.0,0.0,0.0,Open,-0.3104238623273852
23:22,0.0,0.0,0.0,0.0,0.0,0.0,Open,-0.39424335654851045
23:23,0.0,0.0,0.0,0.0,0.0,0.0,Open,-0.4689968271813178
23:24,0.0,0.0,0.0,0.0,0.0,0.0,Open,-0.7176387460551784
23:25,0.0,0.0,0.0,0.0,0.0,0.0,Open,0.26004340118399627
23:26,0.0,0.0,0.0,0.0,0.0,0.0,Open,0.707593208749162
23:27,0.0,0.0,0.0,0.0,0.0,0.0,Open,-0.26602674373470486
23:28,0.0,0.0,0.0,0.0,0.0,0.0,Open,0.5456036472832855
23:29,0.0,0.0,0.0,0.0,0.0,0.0,Open,-0.13850130599167645
23:30,0.0,0.0,0.0,0.0,0.0,0.0,Open,0.10983409694105478
23:31,0.0,0.0,0.0,0.0,0.0,0.0,Open,0.4273447111872436
23:32,0.0,0.0,0.0,0.0,0.0,0.0,Open,-0.19235879733656888
23:33,0.0,0.0,0.0,0.0,0.0,0.0,Open,-0.09391722611940198
23:34,0.0,0.0,0.0,0.0,0.0,0.0,Open,-0.23213677004820393
23:35,0.0,0.0,0.0,0.0,0.0,0.0,Open,-0.4170656221524934
23:36,0.0,0.0,0.0,0.0,0.0,0.0,Open,0.03750809662237502
23:37,0.0,0.0,0.0,0.0,0.0,0.0,Open,-0.13545103612144646
23:38,0.0,0.0,0.0,0.0,0.0,0.0,Open,0.2659808401077972
23:39,0.0,0.0,0.0,0.0,0.0,0.0,Open,-0.399472229686196
23:40,0.0,0.0,0.0,0.0,0.0,0.0,Open,-0.18633367611685106
23:41,0.0,0.0,0.0,0.0,0.0,0.0,Open,0.07755640043654595
23:42,0.0,0.0,0.0,0.0,0.0,0.0,Open,0.1656877495358932
23:43,0.0,0.0,0.0,0.0,0.0,0.0,Open,-0.3817575599324271
23:44,0.0,0.0,0.0,0.0,0.0,0.0,Open,-0.09327638420712417
23:45,0.0,0.0,0.0,0.0,0.0,0.0,Open,0.10816365896254153
23:46,0.0,0.0,0.0,0.0,0.0,0.0,Open,0.28778302860499727
23:47,0.0,0.0,0.0,0.0,0.0,0.0,Open,0.18795274535516845
23:48,0.0,0.0,0.0,0.0,0.0,0.0,Open,0.5549322358441366
23:49,0.0,0.0,0.0,0.0,0.0,0.0,Open,-0.017766085722251274
23:50,0.0,0.0,0.0,0.0,0.0,0.0,Open,-0.12351237079462703
23:51,0.0,0.0,0.0,0.0,0.0,0.0,Open,0.4670974120419174
23:52,0.0,0.0,0.0,0.0,0.0,0.0,Open,-0.08117731910875213
23:53,0.0,0.0,0.0,0.0,0.0,0.0,Open,0.05605461153019711
23:54,0.0,0.0,0.0,0.0,0.0,0.0,Open,0.06582490130002042
23:55,0.0,0.0,0.0,0.0,0.0,0.0,Open,0.039594378990242256
23:56,0.0,0.0,0.0,0.0,0.0,0.0,Open,0.25239714348188586
23:57,0.0,0.0,0.0,0.0,0.0,0.0,Open,-0.4140341497561846
23:58,0.0,0.0,0.0,0.0,0.0,0.0,Open,-0.29240606929160234
23:59,0.0,0.0,0.0,0.0,0.0,0.0,Open,0.5530873534514328
24:00,0.0,0.0,0.0,0.0,0.0,0.0,Open,-0.20559308383138955
